File,Class,Animation,Frame,X,Y
Animation_Axe.anm,a__AxeAnimation,AttackSpecialApoc04,34,199.55,-64.8
Animation_Axe.anm,a__AxeAnimation,AttackSpecialApoc04,35,151.6,-213.6
Animation_Axe.anm,a__AxeAnimation,AttackSpecialApoc04,36,26.05,-280.05
Animation_Axe.anm,a__AxeAnimation,AttackSpecialApoc04,37,26.05,-280.05
Animation_Axe.anm,a__AxeAnimation,AttackSpecialApoc04Hit,0,-45.15,-274.7
Animation_Axe.anm,a__AxeAnimation,AttackSpecialApoc04Hit,1,-45.15,-274.7
Animation_Axe.anm,a__AxeAnimation,AttackSpecialApoc04Hit,2,-45.15,-274.7
Animation_Axe.anm,a__AxeAnimation,AttackSpecialApoc04Hit,3,-45.15,-274.7
Animation_Axe.anm,a__AxeAnimation,AttackSpecialApoc04Hit,4,255.85,-169.7
Animation_Axe.anm,a__AxeAnimation,AttackSpecialBrute3c,0,120.5,0
Animation_Axe.anm,a__AxeAnimation,AttackSpecialBrute3c,1,120.5,0
Animation_Axe.anm,a__AxeAnimation,AttackSpecialBrute3c,2,120.5,0
Animation_Axe.anm,a__AxeAnimation,AttackSpecialBrute3c,3,120.5,0
Animation_Axe.anm,a__AxeAnimation,AttackSpecialBrute3c,4,120.5,0
Animation_Axe.anm,a__AxeAnimation,AttackSpecialBrute3c,5,120.5,0
Animation_Axe.anm,a__AxeAnimation,AttackSpecialBrute3c,6,120.5,0
Animation_Axe.anm,a__AxeAnimation,AttackSpecialBrute3c,7,120.5,0
Animation_Axe.anm,a__AxeAnimation,AttackSpecialBrute3c,8,120.5,0
Animation_Axe.anm,a__AxeAnimation,AttackSpecialBrute3c,9,120.5,0
Animation_Axe.anm,a__AxeAnimation,AttackSpecialBrute3c,10,120.5,0
Animation_Axe.anm,a__AxeAnimation,AttackSpecialBrute3c,11,120.5,0
Animation_Axe.anm,a__AxeAnimation,AttackSpecialBrute3c,12,120.5,0
Animation_Axe.anm,a__AxeAnimation,AttackSpecialBrute3c,13,120.5,0
Animation_Axe.anm,a__AxeAnimation,AttackSpecialBrute3c,14,120.5,0
Animation_Axe.anm,a__AxeAnimation,AttackSpecialBrute3c,15,120.5,0
Animation_Axe.anm,a__AxeAnimation,AttackSpecialBrute3c,16,120.5,0
Animation_Axe.anm,a__AxeAnimation,AttackSpecialBrute3c,17,120.5,0
Animation_Axe.anm,a__AxeAnimation,AttackSpecialBrute3c,18,120.5,0
Animation_Axe.anm,a__AxeAnimation,AttackSpecialBrute3c,19,120.5,0
Animation_Axe.anm,a__AxeAnimation,AttackSpecialBrute3c,20,120.5,0
Animation_Axe.anm,a__AxeAnimation,AttackSpecialBrute3c,21,120.5,0
Animation_Axe.anm,a__AxeAnimation,AttackSpecialBrute3c,22,120.5,0
Animation_Axe.anm,a__AxeAnimation,AttackSpecialBrute3c,23,117.45,-21
Animation_Axe.anm,a__AxeAnimation,AttackSpecialBrute3c,24,114.45,-32
Animation_Axe.anm,a__AxeAnimation,AttackSpecialBrute3Hit,0,-125.05,-65
Animation_Axe.anm,a__AxeAnimation,AttackSpecialBrute3Hit,1,-152.1,-78
Animation_Axe.anm,a__AxeAnimation,AttackSpecialBrute3Hit,2,-147.1,-47.95
Animation_Axe.anm,a__AxeAnimation,AttackSpecialBrute3Hit,3,-169.1,-19.95
Animation_Axe.anm,a__AxeAnimation,AttackSpecialBrute3Hit,4,-143.1,-0.95
Animation_Axe.anm,a__AxeAnimation,AttackSpecialBrute3Hit,5,-92.05,-36.95
Animation_Axe.anm,a__AxeAnimation,AttackSpecialBrute3Hit,6,-67.05,-80.45
Animation_Axe.anm,a__AxeAnimation,AttackSpecialBrute3Hit,7,11.5,-128.95
Animation_Axe.anm,a__AxeAnimation,AttackSpecialBrute3Hit,8,149,-36.45
Animation_Axe.anm,a__AxeAnimation,AttackSpecialBrute3Hit,9,230.05,-0.4
Animation_Axe.anm,a__AxeAnimation,AttackSpecialBrute3Hit,10,243.05,-0.4
Animation_Axe.anm,a__AxeAnimation,AttackSpecialBrute3Hit,11,245.05,-0.4
Animation_Axe.anm,a__AxeAnimation,AttackSpecialBrute3Hit,12,218.05,-16.9
Animation_Axe.anm,a__AxeAnimation,AttackSpecialBrute3Hit,13,158.05,-29.9
Animation_Axe.anm,a__AxeAnimation,AttackSpecialBrute3Hit,14,171.55,-27.9
Animation_Axe.anm,a__AxeAnimation,AttackSpecialBrute3Hit,15,171.55,-27.9
Animation_Axe.anm,a__AxeAnimation,AttackSpecialBrute3Hit,16,168.05,-27.9
Animation_Axe.anm,a__AxeAnimation,AttackSpecialBrute3Hit,17,168.05,-27.9
Animation_Axe.anm,a__AxeAnimation,AttackSpecialBrute4,34,367.55,-44.8
Animation_Axe.anm,a__AxeAnimation,AttackSpecialBrute4,35,421.1,-44.8
Animation_Axe.anm,a__AxeAnimation,AttackSpecialBrute4,36,460.6,-44.8
Animation_Axe.anm,a__AxeAnimation,AttackSpecialBrute4,37,508.15,-43.6
Animation_Axe.anm,a__AxeAnimation,AttackSpecialBrute4,38,508.15,-43.6
Animation_Axe.anm,a__AxeAnimation,AttackSpecialBrute4Hit,0,528.6,-0.95
Animation_Axe.anm,a__AxeAnimation,AttackSpecialBrute4Hit,1,527.1,0.05
Animation_Axe.anm,a__AxeAnimation,AttackSpecialBrute4Hit,2,527.1,0.05
Animation_Axe.anm,a__AxeAnimation,AttackSpecialBrute4Hit,3,533.1,0.05
Animation_Axe.anm,a__AxeAnimation,AttackSpecialBrute4Hit,4,527.1,0.05
Animation_Axe.anm,a__AxeAnimation,AttackSpecialBrute4Hit,5,430.55,0.05
Animation_Axe.anm,a__AxeAnimation,AttackSpecialBrute4Hit,6,383,0.05
Animation_Axe.anm,a__AxeAnimation,AttackSpecialBrute4Hit,7,333,0.05
Animation_Axe.anm,a__AxeAnimation,AttackSpecialBrute4Hit,8,321,0.05
Animation_Axe.anm,a__AxeAnimation,AttackSpecialBrute4Hit,9,277,0.05
Animation_Axe.anm,a__AxeAnimation,AttackSpecialBrute4Hit,10,231,-55.95
Animation_Axe.anm,a__AxeAnimation,AttackSpecialBrute4Hit,11,217,-55.95
Animation_Axe.anm,a__AxeAnimation,AttackSpecialBrute4Hit,12,195.95,-40.95
Animation_Axe.anm,a__AxeAnimation,AttackSpecialBrute4Hit,13,176.45,-40.95
Animation_Axe.anm,a__AxeAnimation,AttackSpecialBrute4Hit,14,276,-95.95
Animation_Axe.anm,a__AxeAnimation,AttackSpecialBrute4Hit,15,276,-95.95
Animation_Axe.anm,a__AxeAnimation,AttackSpecialBrute3cSwapAmethyst,0,120.5,0
Animation_Axe.anm,a__AxeAnimation,AttackSpecialBrute3cSwapAmethyst,1,120.5,0
Animation_Axe.anm,a__AxeAnimation,AttackSpecialBrute3cSwapAmethyst,2,120.5,0
Animation_Axe.anm,a__AxeAnimation,AttackSpecialBrute3cSwapAmethyst,3,120.5,0
Animation_Axe.anm,a__AxeAnimation,AttackSpecialBrute3cSwapAmethyst,4,120.5,0
Animation_Axe.anm,a__AxeAnimation,AttackSpecialBrute3cSwapAmethyst,5,120.5,0
Animation_Axe.anm,a__AxeAnimation,AttackSpecialBrute3cSwapAmethyst,6,120.5,0
Animation_Axe.anm,a__AxeAnimation,AttackSpecialBrute3cSwapAmethyst,7,120.5,0
Animation_Axe.anm,a__AxeAnimation,AttackSpecialBrute3cSwapAmethyst,8,120.5,0
Animation_Axe.anm,a__AxeAnimation,AttackSpecialBrute3cSwapAmethyst,9,120.5,0
Animation_Axe.anm,a__AxeAnimation,AttackSpecialBrute3cSwapAmethyst,10,120.5,0
Animation_Axe.anm,a__AxeAnimation,AttackSpecialBrute3cSwapAmethyst,11,120.5,0
Animation_Axe.anm,a__AxeAnimation,AttackSpecialBrute3cSwapAmethyst,12,120.5,0
Animation_Axe.anm,a__AxeAnimation,AttackSpecialBrute3cSwapAmethyst,13,120.5,0
Animation_Axe.anm,a__AxeAnimation,AttackSpecialBrute3cSwapAmethyst,14,120.5,0
Animation_Axe.anm,a__AxeAnimation,AttackSpecialBrute3cSwapAmethyst,15,120.5,0
Animation_Axe.anm,a__AxeAnimation,AttackSpecialBrute3cSwapAmethyst,16,120.5,0
Animation_Axe.anm,a__AxeAnimation,AttackSpecialBrute3cSwapAmethyst,17,120.5,0
Animation_Axe.anm,a__AxeAnimation,AttackSpecialBrute3cSwapAmethyst,18,120.5,0
Animation_Axe.anm,a__AxeAnimation,AttackSpecialBrute3cSwapAmethyst,19,120.5,0
Animation_Axe.anm,a__AxeAnimation,AttackSpecialBrute3cSwapAmethyst,20,120.5,0
Animation_Axe.anm,a__AxeAnimation,AttackSpecialBrute3cSwapAmethyst,21,120.5,0
Animation_Axe.anm,a__AxeAnimation,AttackSpecialBrute3cSwapAmethyst,22,120.5,0
Animation_Axe.anm,a__AxeAnimation,AttackSpecialBrute3cSwapAmethyst,23,117.45,-21
Animation_Axe.anm,a__AxeAnimation,AttackSpecialBrute3cSwapAmethyst,24,114.45,-32
Animation_Axe.anm,a__AxeAnimation,AttackSpecialBrute3HitSwapAmethyst,0,-125.05,-65
Animation_Axe.anm,a__AxeAnimation,AttackSpecialBrute3HitSwapAmethyst,1,-152.1,-78
Animation_Axe.anm,a__AxeAnimation,AttackSpecialBrute3HitSwapAmethyst,2,-147.1,-47.95
Animation_Axe.anm,a__AxeAnimation,AttackSpecialBrute3HitSwapAmethyst,3,-169.1,-19.95
Animation_Axe.anm,a__AxeAnimation,AttackSpecialBrute3HitSwapAmethyst,4,-143.1,-0.95
Animation_Axe.anm,a__AxeAnimation,AttackSpecialBrute3HitSwapAmethyst,5,-92.05,-36.95
Animation_Axe.anm,a__AxeAnimation,AttackSpecialBrute3HitSwapAmethyst,6,-67.05,-80.45
Animation_Axe.anm,a__AxeAnimation,AttackSpecialBrute3HitSwapAmethyst,7,11.5,-128.95
Animation_Axe.anm,a__AxeAnimation,AttackSpecialBrute3HitSwapAmethyst,8,149,-36.45
Animation_Axe.anm,a__AxeAnimation,AttackSpecialBrute3HitSwapAmethyst,9,230.05,-0.4
Animation_Axe.anm,a__AxeAnimation,AttackSpecialBrute3HitSwapAmethyst,10,243.05,-0.4
Animation_Axe.anm,a__AxeAnimation,AttackSpecialBrute3HitSwapAmethyst,11,245.05,-0.4
Animation_Axe.anm,a__AxeAnimation,AttackSpecialBrute3HitSwapAmethyst,12,218.05,-16.9
Animation_Axe.anm,a__AxeAnimation,AttackSpecialBrute3HitSwapAmethyst,13,158.05,-29.9
Animation_Axe.anm,a__AxeAnimation,AttackSpecialBrute3HitSwapAmethyst,14,171.55,-27.9
Animation_Axe.anm,a__AxeAnimation,AttackSpecialBrute3HitSwapAmethyst,15,171.55,-27.9
Animation_Axe.anm,a__AxeAnimation,AttackSpecialBrute3HitSwapAmethyst,16,168.05,-27.9
Animation_Axe.anm,a__AxeAnimation,AttackSpecialBrute3HitSwapAmethyst,17,168.05,-27.9
Animation_Axe.anm,a__AxeAnimation,AttackSpecialApoc04_SwapKrieg,34,199.55,-64.8
Animation_Axe.anm,a__AxeAnimation,AttackSpecialApoc04_SwapKrieg,35,151.6,-213.6
Animation_Axe.anm,a__AxeAnimation,AttackSpecialApoc04_SwapKrieg,36,26.05,-280.05
Animation_Axe.anm,a__AxeAnimation,AttackSpecialApoc04_SwapKrieg,37,26.05,-280.05
Animation_Axe.anm,a__AxeAnimation,AttackSpecialApoc04Hit_SwapKrieg,0,-45.15,-274.7
Animation_Axe.anm,a__AxeAnimation,AttackSpecialApoc04Hit_SwapKrieg,1,-45.15,-274.7
Animation_Axe.anm,a__AxeAnimation,AttackSpecialApoc04Hit_SwapKrieg,2,-45.15,-274.7
Animation_Axe.anm,a__AxeAnimation,AttackSpecialApoc04Hit_SwapKrieg,3,-45.15,-274.7
Animation_Axe.anm,a__AxeAnimation,AttackSpecialApoc04Hit_SwapKrieg,4,255.85,-169.7
Animation_Axe.anm,a__AxeAnimation,AttackSpecialApoc04Hit_SwapKrieg,5,255.85,-169.7
Animation_Axe.anm,a__AxeAnimation,AttackSpecialApoc04Hit_SwapKrieg,6,255.85,-169.7
Animation_Axe.anm,a__AxeAnimation,AttackSpecialApoc04Hit_SwapKrieg,7,255.85,-169.7
Animation_Boots.anm,a__BootsAnimation,AttackSpecialLuchador06Hit,0,-114.05,80
Animation_Boots.anm,a__BootsAnimation,AttackSpecialLuchador06Hit,1,-114.05,80
Animation_Boots.anm,a__BootsAnimation,AttackSpecialLuchador06Hit,2,-114.05,80
Animation_Boots.anm,a__BootsAnimation,AttackSpecialLuchador06Hit,3,-114.05,80
Animation_Boots.anm,a__BootsAnimation,AttackSpecialLuchador06Hit,4,-113.55,27.5
Animation_Boots.anm,a__BootsAnimation,AttackSpecialLuchador06Hit,5,-126.55,-17.5
Animation_Boots.anm,a__BootsAnimation,AttackSpecialLuchador06Hit,6,-112.5,-27
Animation_Boots.anm,a__BootsAnimation,AttackSpecialLuchador06Hit,7,-99.15,-50.35
Animation_Boots.anm,a__BootsAnimation,AttackSpecialLuchador06Hit,8,-91.1,-64.4
Animation_Boots.anm,a__BootsAnimation,AttackSpecialLuchador06Hit,9,-88.45,-69.05
Animation_Boots.anm,a__BootsAnimation,AttackSpecialLuchador06Hit,10,-88.45,-69.05
Animation_Boots.anm,a__BootsAnimation,AttackSpecialLuchador06Hit,11,50.55,-111.6
Animation_Boots.anm,a__BootsAnimation,AttackSpecialLuchador06HitAI,0,67.65,80
Animation_Boots.anm,a__BootsAnimation,AttackSpecialLuchador06HitAI,1,67.65,80
Animation_Boots.anm,a__BootsAnimation,AttackSpecialLuchador06HitAI,2,67.65,80
Animation_Boots.anm,a__BootsAnimation,AttackSpecialLuchador06HitAI,3,92.65,62.5
Animation_Boots.anm,a__BootsAnimation,AttackSpecialLuchador06HitAI,4,117.65,45
Animation_Boots.anm,a__BootsAnimation,AttackSpecialLuchador06HitAI,5,142.65,27.5
Animation_Boots.anm,a__BootsAnimation,AttackSpecialLuchador06HitAI,6,167.65,10
Animation_Boots.anm,a__BootsAnimation,AttackSpecialLuchador06HitAI,7,167.65,10
Animation_Boots.anm,a__BootsAnimation,AttackSpecialLuchador06HitAI,8,167.65,10
Animation_Boots.anm,a__BootsAnimation,AttackSpecialLuchador06HitAI,9,167.65,10
Animation_Boots.anm,a__BootsAnimation,AttackSpecialLuchador06HitAI,10,167.65,10
Animation_Boots.anm,a__BootsAnimation,AttackSpecialLuchador06HitAI,11,167.65,10
Animation_Boots.anm,a__BootsAnimation,AttackSpecialLuchador06HitAI,12,167.65,10
Animation_Boots.anm,a__BootsAnimation,AttackSpecialLuchador06HitAI,13,167.65,10
Animation_Bow.anm,a__BowAnimation,AttackAirHeavy,0,151.1,-196.1
Animation_Bow.anm,a__BowAnimation,AttackAirHeavy,1,151.1,-196.1
Animation_Bow.anm,a__BowAnimation,AttackAirHeavy,2,151.1,-196.1
Animation_Bow.anm,a__BowAnimation,AttackAirHeavy,3,151.1,-196.1
Animation_Bow.anm,a__BowAnimation,AttackAirHeavy,4,151.1,-196.1
Animation_Bow.anm,a__BowAnimation,AttackAirHeavy,5,151.1,-196.1
Animation_Bow.anm,a__BowAnimation,AttackAirHeavy,6,151.1,-196.1
Animation_Bow.anm,a__BowAnimation,AttackAirHeavy,7,151.1,-196.1
Animation_Bow.anm,a__BowAnimation,AttackAirHeavy,8,151.1,-196.1
Animation_Bow.anm,a__BowAnimation,AttackAirHeavy,9,151.1,-196.1
Animation_Bow.anm,a__BowAnimation,AttackAirHeavy,10,151.1,-196.1
Animation_Bow.anm,a__BowAnimation,AttackAirHeavy,11,151.1,-196.1
Animation_Bow.anm,a__BowAnimation,AttackAirHeavy,12,151.1,-196.1
Animation_Bow.anm,a__BowAnimation,AttackAirHeavy,13,151.1,-196.1
Animation_Bow.anm,a__BowAnimation,AttackAirHeavy,14,151.1,-196.1
Animation_Bow.anm,a__BowAnimation,AttackAirHeavy,15,151.1,-196.1
Animation_Bow.anm,a__BowAnimation,AttackAirHeavy,16,151.1,-196.1
Animation_Bow.anm,a__BowAnimation,AttackAirHeavy,17,151.1,-196.1
Animation_Bow.anm,a__BowAnimation,AttackAirHeavyHit,0,94.05,-114.1
Animation_Bow.anm,a__BowAnimation,AttackAirHeavyHit,1,94.05,-114.1
Animation_Bow.anm,a__BowAnimation,AttackAirHeavyHit,2,94.05,-114.1
Animation_Bow.anm,a__BowAnimation,AttackAirHeavyHit,3,94.05,-114.1
Animation_Bow.anm,a__BowAnimation,AttackAirHeavyHit,4,94.05,-114.1
Animation_Bow.anm,a__BowAnimation,AttackAirHeavyHit,5,94.05,-114.1
Animation_Bow.anm,a__BowAnimation,AttackAirHeavyHit,6,94.05,-114.1
Animation_Bow.anm,a__BowAnimation,AttackAirHeavyHit,7,94.05,-114.1
Animation_Bow.anm,a__BowAnimation,AttackAirHeavyHit,8,94.05,-114.1
Animation_Bow.anm,a__BowAnimation,AttackAirHeavyHit,9,94.05,-114.1
Animation_Bow.anm,a__BowAnimation,AttackAirHeavyHit,10,94.05,-114.1
Animation_Bow.anm,a__BowAnimation,AttackAirHeavyHit,11,94.05,-114.1
Animation_Bow.anm,a__BowAnimation,AttackAirHeavyHit,12,94.05,-114.1
Animation_Bow.anm,a__BowAnimation,AttackAirHeavyHit,13,94.05,-114.1
Animation_Bow.anm,a__BowAnimation,AttackAirHeavyHit,14,94.05,-114.1
Animation_Bow.anm,a__BowAnimation,AttackAirHeavyHit,15,94.05,-114.1
Animation_Bow.anm,a__BowAnimation,AttackAirHeavyHit,16,94.05,-114.1
Animation_Bow.anm,a__BowAnimation,AttackAirHeavyHit,17,94.05,-114.1
Animation_Bow.anm,a__BowAnimation,AttackAirDownHeavy,0,-3.65,149.05
Animation_Bow.anm,a__BowAnimation,AttackAirDownHeavy,1,-3.65,149.05
Animation_Bow.anm,a__BowAnimation,AttackAirDownHeavy,2,-3.65,149.05
Animation_Bow.anm,a__BowAnimation,AttackAirDownHeavy,3,-3.65,149.05
Animation_Bow.anm,a__BowAnimation,AttackAirDownHeavy,4,-3.65,149.05
Animation_Bow.anm,a__BowAnimation,AttackAirDownHeavy,5,-3.65,149.05
Animation_Bow.anm,a__BowAnimation,AttackAirDownHeavy,6,-3.65,149.05
Animation_Bow.anm,a__BowAnimation,AttackAirDownHeavy,7,-3.65,149.05
Animation_Bow.anm,a__BowAnimation,AttackAirDownHeavy,8,-3.65,149.05
Animation_Bow.anm,a__BowAnimation,AttackAirDownHeavy,9,-3.65,149.05
Animation_Bow.anm,a__BowAnimation,AttackAirDownHeavy,10,-3.65,149.05
Animation_Bow.anm,a__BowAnimation,AttackAirDownHeavy,11,-3.65,149.05
Animation_Bow.anm,a__BowAnimation,AttackAirDownHeavy,12,-3.65,149.05
Animation_Bow.anm,a__BowAnimation,AttackAirDownHeavy,13,-3.65,149.05
Animation_Bow.anm,a__BowAnimation,AttackAirDownHeavy,14,-3.65,149.05
Animation_Bow.anm,a__BowAnimation,AttackAirDownHeavy,15,-3.65,149.05
Animation_Bow.anm,a__BowAnimation,AttackAirDownHeavy,16,-3.65,149.05
Animation_Bow.anm,a__BowAnimation,AttackAirDownHeavy,17,-3.65,149.05
Animation_Bow.anm,a__BowAnimation,AttackAirDownHeavy,18,-3.65,149.05
Animation_Bow.anm,a__BowAnimation,AttackSpecialMarksman2,27,179.7,-6.15
Animation_Bow.anm,a__BowAnimation,AttackSpecialMarksman2,28,228.7,-107.1
Animation_Bow.anm,a__BowAnimation,AttackSpecialMarksman2,29,230.7,-183.1
Animation_Bow.anm,a__BowAnimation,AttackSpecialMarksman2,30,221.8,-236.05
Animation_Bow.anm,a__BowAnimation,AttackSpecialMarksman2Hit,0,-124.15,-233.95
Animation_Bow.anm,a__BowAnimation,AttackSpecialMarksman2Hit,1,-128.2,-250.45
Animation_Bow.anm,a__BowAnimation,AttackSpecialMarksman2Hit,2,-133.7,-263.45
Animation_Bow.anm,a__BowAnimation,AttackSpecialMarksman2Hit,3,-136.75,-271.45
Animation_Bow.anm,a__BowAnimation,AttackSpecialMarksman2Hit,4,-138.25,-276.5
Animation_Bow.anm,a__BowAnimation,AttackSpecialMarksman2Hit,5,-139.75,-279
Animation_Bow.anm,a__BowAnimation,AttackSpecialMarksman2Hit,6,-139.75,-280
Animation_Bow.anm,a__BowAnimation,AttackSpecialMarksman2Hit,7,-155.1,-295.9
Animation_Bow.anm,a__BowAnimation,AttackSpecialMarksman2Hit,8,-172.55,-302
Animation_Bow.anm,a__BowAnimation,AttackSpecialMarksman2Hit,9,-186.55,-307.85
Animation_Bow.anm,a__BowAnimation,AttackSpecialMarksman2Hit,10,-202.1,-310.2
Animation_Bow.anm,a__BowAnimation,AttackSpecialMarksman2Hit,11,-215.25,-311.5
Animation_Bow.anm,a__BowAnimation,AttackSpecialMarksman2Hit,12,-219,-300.45
Animation_Bow.anm,a__BowAnimation,AttackSpecialMarksman2Hit,13,-192.95,-263.55
Animation_Bow.anm,a__BowAnimation,AttackSpecialMarksman2Hit,14,-123.25,-208.85
Animation_Bow.anm,a__BowAnimation,AttackSpecialMarksman2Hit,15,53.85,-124.95
Animation_Bow.anm,a__BowAnimation,AttackSpecialMarksman2Hit,16,272.1,-67.8
Animation_Bow.anm,a__BowAnimation,AttackSpecialMarksman3,27,105.1,-186.7
Animation_Bow.anm,a__BowAnimation,AttackSpecialMarksman3,28,178.45,-161.25
Animation_Bow.anm,a__BowAnimation,AttackSpecialMarksman3,29,232.65,-89.8
Animation_Bow.anm,a__BowAnimation,AttackSpecialMarksman3,30,264.5,-34.6
Animation_Bow.anm,a__BowAnimation,AttackSpecialMarksman3,31,291.55,26.05
Animation_Bow.anm,a__BowAnimation,AttackSpecialMarksman3,32,308.8,86.75
Animation_Bow.anm,a__BowAnimation,AttackSpecialMarksman3,33,312.25,121.7
Animation_Bow.anm,a__BowAnimation,AttackSpecialMarksman3Hit,0,312.25,121.7
Animation_Bow.anm,a__BowAnimation,AttackSpecialMarksman3Hit,1,315.25,130.7
Animation_Bow.anm,a__BowAnimation,AttackSpecialMarksman3Hit,2,318.1,140.25
Animation_Bow.anm,a__BowAnimation,AttackSpecialMarksman3Hit,3,319.1,147.25
Animation_Bow.anm,a__BowAnimation,AttackSpecialMarksman3Hit,4,320.1,151.25
Animation_Bow.anm,a__BowAnimation,AttackSpecialMarksman3Hit,5,320.6,155.25
Animation_Bow.anm,a__BowAnimation,AttackSpecialMarksman3Hit,6,320.6,158.25
Animation_Bow.anm,a__BowAnimation,AttackSpecialMarksman3Hit,7,320.1,160.25
Animation_Bow.anm,a__BowAnimation,AttackSpecialMarksman3Hit,8,319.6,162.75
Animation_Bow.anm,a__BowAnimation,AttackSpecialCelestial7,31,161.6,-114.5
Animation_Bow.anm,a__BowAnimation,AttackSpecialCelestial7,32,245.2,-143.65
Animation_Bow.anm,a__BowAnimation,AttackSpecialCelestial7,33,310.1,-168.05
Animation_Bow.anm,a__BowAnimation,AttackSpecialCelestial7,34,357.25,-185.65
Animation_Bow.anm,a__BowAnimation,AttackSpecialCelestial7,35,375.6,-192.55
Animation_Bow.anm,a__BowAnimation,AttackSpecialCelestial7,36,375.6,-192.55
Animation_Bow.anm,a__BowAnimation,AttackSpecialCelestial7,37,375.6,-192.55
Animation_Bow.anm,a__BowAnimation,AttackSpecialCelestial7,38,375.6,-192.55
Animation_Bow.anm,a__BowAnimation,AttackSpecialCelestial7,39,375.6,-192.55
Animation_Bow.anm,a__BowAnimation,AttackSpecialCelestial7,40,375.6,-192.55
Animation_Bow.anm,a__BowAnimation,AttackSpecialMarksman2SwapEpicDiana,27,179.7,-6.15
Animation_Bow.anm,a__BowAnimation,AttackSpecialMarksman2SwapEpicDiana,28,228.7,-107.1
Animation_Bow.anm,a__BowAnimation,AttackSpecialMarksman2SwapEpicDiana,29,230.7,-183.1
Animation_Bow.anm,a__BowAnimation,AttackSpecialMarksman2SwapEpicDiana,30,221.8,-236.05
Animation_Bow.anm,a__BowAnimation,AttackSpecialMarksman2HitSwapEpicDiana,0,-124.15,-233.95
Animation_Bow.anm,a__BowAnimation,AttackSpecialMarksman2HitSwapEpicDiana,1,-128.2,-250.45
Animation_Bow.anm,a__BowAnimation,AttackSpecialMarksman2HitSwapEpicDiana,2,-133.7,-263.45
Animation_Bow.anm,a__BowAnimation,AttackSpecialMarksman2HitSwapEpicDiana,3,-136.75,-271.45
Animation_Bow.anm,a__BowAnimation,AttackSpecialMarksman2HitSwapEpicDiana,4,-138.25,-276.5
Animation_Bow.anm,a__BowAnimation,AttackSpecialMarksman2HitSwapEpicDiana,5,-139.75,-279
Animation_Bow.anm,a__BowAnimation,AttackSpecialMarksman2HitSwapEpicDiana,6,-139.75,-280
Animation_Bow.anm,a__BowAnimation,AttackSpecialMarksman2HitSwapEpicDiana,7,-155.1,-295.9
Animation_Bow.anm,a__BowAnimation,AttackSpecialMarksman2HitSwapEpicDiana,8,-172.55,-302
Animation_Bow.anm,a__BowAnimation,AttackSpecialMarksman2HitSwapEpicDiana,9,-186.55,-307.85
Animation_Bow.anm,a__BowAnimation,AttackSpecialMarksman2HitSwapEpicDiana,10,-202.1,-310.2
Animation_Bow.anm,a__BowAnimation,AttackSpecialMarksman2HitSwapEpicDiana,11,-215.25,-311.5
Animation_Bow.anm,a__BowAnimation,AttackSpecialMarksman2HitSwapEpicDiana,12,-219,-300.45
Animation_Bow.anm,a__BowAnimation,AttackSpecialMarksman2HitSwapEpicDiana,13,-192.95,-263.55
Animation_Bow.anm,a__BowAnimation,AttackSpecialMarksman2HitSwapEpicDiana,14,-123.25,-208.85
Animation_Bow.anm,a__BowAnimation,AttackSpecialMarksman2HitSwapEpicDiana,15,53.85,-124.95
Animation_Bow.anm,a__BowAnimation,AttackSpecialMarksman2HitSwapEpicDiana,16,272.1,-67.8
Animation_Bow.anm,a__BowAnimation,AttackSpecialMarksman3SwapEpicDiana,27,105.1,-186.7
Animation_Bow.anm,a__BowAnimation,AttackSpecialMarksman3SwapEpicDiana,28,178.45,-161.25
Animation_Bow.anm,a__BowAnimation,AttackSpecialMarksman3SwapEpicDiana,29,232.65,-89.8
Animation_Bow.anm,a__BowAnimation,AttackSpecialMarksman3SwapEpicDiana,30,264.5,-34.6
Animation_Bow.anm,a__BowAnimation,AttackSpecialMarksman3SwapEpicDiana,31,291.55,26.05
Animation_Bow.anm,a__BowAnimation,AttackSpecialMarksman3SwapEpicDiana,32,308.8,86.75
Animation_Bow.anm,a__BowAnimation,AttackSpecialMarksman3SwapEpicDiana,33,312.25,121.7
Animation_Bow.anm,a__BowAnimation,AttackSpecialMarksman3HitSwapEpicDiana,0,312.25,121.7
Animation_Bow.anm,a__BowAnimation,AttackSpecialMarksman3HitSwapEpicDiana,1,315.25,130.7
Animation_Bow.anm,a__BowAnimation,AttackSpecialMarksman3HitSwapEpicDiana,2,318.1,140.25
Animation_Bow.anm,a__BowAnimation,AttackSpecialMarksman3HitSwapEpicDiana,3,319.1,147.25
Animation_Bow.anm,a__BowAnimation,AttackSpecialMarksman3HitSwapEpicDiana,4,320.1,151.25
Animation_Bow.anm,a__BowAnimation,AttackSpecialMarksman3HitSwapEpicDiana,5,320.6,155.25
Animation_Bow.anm,a__BowAnimation,AttackSpecialMarksman3HitSwapEpicDiana,6,320.6,158.25
Animation_Bow.anm,a__BowAnimation,AttackSpecialMarksman3HitSwapEpicDiana,7,320.1,160.25
Animation_Bow.anm,a__BowAnimation,AttackSpecialMarksman3HitSwapEpicDiana,8,319.6,162.75
Animation_Bow.anm,a__BowAnimation,AttackSpecialCelestial7_SwapDevilJin,31,161.6,-114.5
Animation_Bow.anm,a__BowAnimation,AttackSpecialCelestial7_SwapDevilJin,32,245.2,-143.65
Animation_Bow.anm,a__BowAnimation,AttackSpecialCelestial7_SwapDevilJin,33,310.1,-168.05
Animation_Bow.anm,a__BowAnimation,AttackSpecialCelestial7_SwapDevilJin,34,357.25,-185.65
Animation_Bow.anm,a__BowAnimation,AttackSpecialCelestial7_SwapDevilJin,35,375.6,-192.55
Animation_Bow.anm,a__BowAnimation,AttackSpecialCelestial7_SwapDevilJin,36,375.6,-192.55
Animation_Bow.anm,a__BowAnimation,AttackSpecialCelestial7_SwapDevilJin,37,375.6,-192.55
Animation_Bow.anm,a__BowAnimation,AttackSpecialCelestial7_SwapDevilJin,38,375.6,-192.55
Animation_Bow.anm,a__BowAnimation,AttackSpecialCelestial7_SwapDevilJin,39,375.6,-192.55
Animation_Bow.anm,a__BowAnimation,AttackSpecialCelestial7_SwapDevilJin,40,375.6,-192.55
Animation_Bow.anm,a__BowAnimation,AttackSpecialCyberVirus3,37,194.1,-36.9
Animation_Bow.anm,a__BowAnimation,AttackSpecialCyberVirus3,38,242.1,-8.9
Animation_Bow.anm,a__BowAnimation,AttackSpecialCyberVirus3,39,242.1,-8.9
Animation_Bow.anm,a__BowAnimation,AttackSpecialCyberVirus3,40,242.1,-8.9
Animation_Bow.anm,a__BowAnimation,AttackSpecialCyberVirus3,41,242.1,-8.9
Animation_Bow.anm,a__BowAnimation,AttackSpecialCyberVirus3,42,242.1,-8.9
Animation_Bow.anm,a__BowAnimation,AttackSpecialCyberVirus3,43,242.1,-8.9
Animation_Bow.anm,a__BowAnimation,AttackSpecialCyberVirus3,44,242.1,-8.9
Animation_Bow.anm,a__BowAnimation,AttackSpecialCyberVirus3,45,242.1,-8.9
Animation_Bow.anm,a__BowAnimation,AttackSpecialCyberVirus3,46,242.1,-8.9
Animation_Bow.anm,a__BowAnimation,AttackSpecialCyberVirus3Hit,0,242.1,-8.9
Animation_Bow.anm,a__BowAnimation,AttackSpecialCyberVirus3Hit,1,238.1,-8.9
Animation_Bow.anm,a__BowAnimation,AttackSpecialCyberVirus3Hit,2,231.1,-8.9
Animation_Bow.anm,a__BowAnimation,AttackSpecialCyberVirus3Hit,3,132.05,-8.9
Animation_Bow.anm,a__BowAnimation,AttackSpecialCyberVirus3Hit,4,52.05,-17.9
Animation_Bow.anm,a__BowAnimation,AttackSpecialCyberVirus3Hit,5,-0.9,-91.9
Animation_Bow.anm,a__BowAnimation,AttackSpecialCyberVirus3Hit,6,-8.4,-154.9
Animation_Bow.anm,a__BowAnimation,AttackSpecialCyberVirus3Hit,7,-15.95,-217.95
Animation_Cannon.anm,a__CannonAnimation,AttackAir11,7,-33.05,131.15
Animation_Cannon.anm,a__CannonAnimation,AttackAir11,8,-33.05,131.15
Animation_Cannon.anm,a__CannonAnimation,AttackAir11,9,-33.05,131.15
Animation_Cannon.anm,a__CannonAnimation,AttackAir11,10,-33.05,131.15
Animation_Cannon.anm,a__CannonAnimation,AttackAir11,11,-33.05,131.15
Animation_Cannon.anm,a__CannonAnimation,AttackAir11,12,-33.05,131.15
Animation_Cannon.anm,a__CannonAnimation,AttackAir11,13,-33.05,131.15
Animation_Cannon.anm,a__CannonAnimation,AttackAir11,14,-33.05,131.15
Animation_Cannon.anm,a__CannonAnimation,AttackAir11Hit,0,-33.05,131.15
Animation_Cannon.anm,a__CannonAnimation,AttackAir11Hit,1,-33.05,131.15
Animation_Cannon.anm,a__CannonAnimation,AttackAir11Hit,2,-33.05,131.15
Animation_Cannon.anm,a__CannonAnimation,AttackAir11Hit,3,-33.05,131.15
Animation_Cannon.anm,a__CannonAnimation,AttackSpecialBrute6,0,163.95,-8.9
Animation_Cannon.anm,a__CannonAnimation,AttackSpecialBrute6,1,163.95,-8.9
Animation_Cannon.anm,a__CannonAnimation,AttackSpecialBrute6,2,163.95,-8.9
Animation_Cannon.anm,a__CannonAnimation,AttackSpecialBrute6,3,163.95,-8.9
Animation_Cannon.anm,a__CannonAnimation,AttackSpecialBrute6,4,163.95,-8.9
Animation_Cannon.anm,a__CannonAnimation,AttackSpecialBrute6,5,163.95,-8.9
Animation_Cannon.anm,a__CannonAnimation,AttackSpecialBrute6,6,163.95,-8.9
Animation_Cannon.anm,a__CannonAnimation,AttackSpecialBrute6,7,163.95,-8.9
Animation_Cannon.anm,a__CannonAnimation,AttackSpecialBrute6,8,163.95,-8.9
Animation_Cannon.anm,a__CannonAnimation,AttackSpecialBrute6,9,163.95,-8.9
Animation_Cannon.anm,a__CannonAnimation,AttackSpecialBrute6,10,163.95,-8.9
Animation_Cannon.anm,a__CannonAnimation,AttackSpecialBrute6,11,163.95,-8.9
Animation_Cannon.anm,a__CannonAnimation,AttackSpecialBrute6,12,163.95,-8.9
Animation_Cannon.anm,a__CannonAnimation,AttackSpecialBrute6,13,163.95,-8.9
Animation_Cannon.anm,a__CannonAnimation,AttackSpecialBrute6,14,163.95,-8.9
Animation_Cannon.anm,a__CannonAnimation,AttackSpecialBrute6,15,163.95,-8.9
Animation_Cannon.anm,a__CannonAnimation,AttackSpecialBrute6,16,163.95,-8.9
Animation_Cannon.anm,a__CannonAnimation,AttackSpecialBrute6,17,163.95,-8.9
Animation_Cannon.anm,a__CannonAnimation,AttackSpecialBrute6,18,163.95,-8.9
Animation_Cannon.anm,a__CannonAnimation,AttackSpecialBrute6,19,163.95,-8.9
Animation_Cannon.anm,a__CannonAnimation,AttackSpecialBrute6,20,163.95,-8.9
Animation_Cannon.anm,a__CannonAnimation,AttackSpecialBrute6,21,163.95,-8.9
Animation_Cannon.anm,a__CannonAnimation,AttackSpecialBrute6,22,163.95,-8.9
Animation_Cannon.anm,a__CannonAnimation,AttackSpecialBrute6,23,163.95,-8.9
Animation_Cannon.anm,a__CannonAnimation,AttackSpecialBrute6,24,163.95,-8.9
Animation_Cannon.anm,a__CannonAnimation,AttackSpecialBrute6,25,163.95,-8.9
Animation_Cannon.anm,a__CannonAnimation,AttackSpecialBrute6,26,163.95,-8.9
Animation_Cannon.anm,a__CannonAnimation,AttackSpecialBrute6,27,163.95,-8.9
Animation_Cannon.anm,a__CannonAnimation,AttackSpecialBrute6,28,163.95,-8.9
Animation_Cannon.anm,a__CannonAnimation,AttackSpecialBrute6,29,163.95,-8.9
Animation_Cannon.anm,a__CannonAnimation,AttackSpecialBrute6,30,163.95,-8.9
Animation_Cannon.anm,a__CannonAnimation,AttackSpecialBrute6aHit,0,87.75,2.1
Animation_Cannon.anm,a__CannonAnimation,AttackSpecialBrute6aHit,1,117.75,0.1
Animation_Cannon.anm,a__CannonAnimation,AttackSpecialBrute6aHit,2,173.75,-8.9
Animation_Cannon.anm,a__CannonAnimation,AttackSpecialBrute6aHit,3,175.75,-9.9
Animation_Cannon.anm,a__CannonAnimation,AttackSpecialBrute6aHit,4,175.75,-9.9
Animation_Cannon.anm,a__CannonAnimation,AttackSpecialBrute6aHit,5,173.75,-10.9
Animation_Cannon.anm,a__CannonAnimation,AttackSpecialBrute6aHit,6,173.75,-10.9
Animation_Cannon.anm,a__CannonAnimation,AttackSpecialBrute8c,7,191.4,-303
Animation_Cannon.anm,a__CannonAnimation,AttackSpecialBrute8c,8,230.1,-370.4
Animation_Cannon.anm,a__CannonAnimation,AttackSpecialBrute8c,9,264.5,-407.65
Animation_Cannon.anm,a__CannonAnimation,AttackSpecialBrute8c,10,283.15,-423.45
Animation_Cannon.anm,a__CannonAnimation,AttackSpecialBrute8c,11,283.15,-423.45
Animation_Cannon.anm,a__CannonAnimation,AttackSpecialBrute8c,12,283.15,-423.45
Animation_Cannon.anm,a__CannonAnimation,AttackSpecialBrute8c,13,283.15,-423.45
Animation_Cannon.anm,a__CannonAnimation,AttackSpecialBrute8c,14,283.15,-423.45
Animation_Cannon.anm,a__CannonAnimation,AttackSpecialBrute8c,15,283.15,-423.45
Animation_Cannon.anm,a__CannonAnimation,AttackSpecialBrute8c,16,283.15,-423.45
Animation_Cannon.anm,a__CannonAnimation,AttackSpecialBrute8c,17,283.15,-423.45
Animation_Cannon.anm,a__CannonAnimation,AttackSpecialBrute8c,18,283.15,-423.45
Animation_Cannon.anm,a__CannonAnimation,AttackSpecialBrute8c,19,283.15,-423.45
Animation_Cannon.anm,a__CannonAnimation,AttackSpecialBrute8c,20,283.15,-423.45
Animation_Cannon.anm,a__CannonAnimation,AttackSpecialBrute8c,21,283.15,-423.45
Animation_Cannon.anm,a__CannonAnimation,AttackSpecialBrute8c,22,283.15,-423.45
Animation_Cannon.anm,a__CannonAnimation,AttackSpecialBrute8c,23,283.15,-423.45
Animation_Cannon.anm,a__CannonAnimation,AttackSpecialBrute8c,24,283.15,-423.45
Animation_Cannon.anm,a__CannonAnimation,AttackSpecialBrute8c,25,283.15,-423.45
Animation_Cannon.anm,a__CannonAnimation,AttackSpecialBrute8c,26,283.15,-423.45
Animation_Cannon.anm,a__CannonAnimation,AttackSpecialBrute8c,27,283.15,-423.45
Animation_Cannon.anm,a__CannonAnimation,AttackSpecialBrute8c,28,283.15,-423.45
Animation_Cannon.anm,a__CannonAnimation,AttackSpecialBrute8c,29,283.15,-423.45
Animation_Cannon.anm,a__CannonAnimation,AttackSpecialBrute8c,30,283.15,-423.45
Animation_Cannon.anm,a__CannonAnimation,AttackSpecialBrute8c,31,283.15,-423.45
Animation_Cannon.anm,a__CannonAnimation,AttackSpecialBrute8c,32,283.15,-423.45
Animation_Cannon.anm,a__CannonAnimation,AttackSpecialBrute8c,33,283.15,-423.45
Animation_Cannon.anm,a__CannonAnimation,AttackSpecialBrute8c,34,283.15,-423.45
Animation_Cannon.anm,a__CannonAnimation,AttackSpecialBrute8c,35,283.15,-423.45
Animation_Cannon.anm,a__CannonAnimation,AttackSpecialBrute8c,36,283.15,-423.45
Animation_Cannon.anm,a__CannonAnimation,AttackSpecialBrute8c,37,283.15,-423.45
Animation_Cannon.anm,a__CannonAnimation,AttackSpecialBrute8c,38,283.15,-423.45
Animation_Cannon.anm,a__CannonAnimation,AttackSpecialBrute8c,39,283.15,-423.45
Animation_Cannon.anm,a__CannonAnimation,AttackSpecialBrute8c,40,283.15,-423.45
Animation_Cannon.anm,a__CannonAnimation,AttackSpecialBrute8c,41,283.15,-423.45
Animation_Cannon.anm,a__CannonAnimation,AttackSpecialBrute8c,42,283.15,-423.45
Animation_Cannon.anm,a__CannonAnimation,AttackSpecialBrute8c,43,283.15,-423.45
Animation_Cannon.anm,a__CannonAnimation,AttackSpecialBrute8c,44,283.15,-423.45
Animation_Cannon.anm,a__CannonAnimation,AttackSpecialBrute8c,45,283.15,-423.45
Animation_Cannon.anm,a__CannonAnimation,AttackSpecialBrute8c,46,283.15,-423.45
Animation_Cannon.anm,a__CannonAnimation,AttackSpecialBrute8c,47,283.15,-423.45
Animation_Cannon.anm,a__CannonAnimation,AttackSpecialBrute8c,48,283.15,-423.45
Animation_Cannon.anm,a__CannonAnimation,AttackSpecialBrute8c,49,283.15,-423.45
Animation_Cannon.anm,a__CannonAnimation,AttackSpecialBrute8c,50,283.15,-423.45
Animation_Cannon.anm,a__CannonAnimation,AttackSpecialBrute8c,51,283.15,-423.45
Animation_Cannon.anm,a__CannonAnimation,AttackSpecialBrute8c,52,283.15,-423.45
Animation_Cannon.anm,a__CannonAnimation,AttackSpecialBrute8cHit,0,306.35,-490.05
Animation_Cannon.anm,a__CannonAnimation,AttackSpecialBrute8cHit,1,315.35,-473.05
Animation_Cannon.anm,a__CannonAnimation,AttackSpecialBrute8cHit,2,313.35,-479.05
Animation_Cannon.anm,a__CannonAnimation,AttackSpecialBrute8cHit,3,311.35,-473.05
Animation_Cannon.anm,a__CannonAnimation,AttackSpecialBrute8cHit,4,311.35,-473.05
Animation_Cannon.anm,a__CannonAnimation,AttackSpecialBrute8cHit,5,303.35,-407.05
Animation_Cannon.anm,a__CannonAnimation,AttackSpecialBrute8cHit,6,288.35,-252
Animation_Cannon.anm,a__CannonAnimation,AttackSpecialBrute8cHit,7,219.35,-137.95
Animation_Cannon.anm,a__CannonAnimation,AttackSpecialBrute8cHit,8,144.3,-55.95
Animation_Cannon.anm,a__CannonAnimation,AttackSpecialBrute8cHit,9,140.3,-62.95
Animation_Cannon.anm,a__CannonAnimation,AttackSpecialBrute8cHit,10,141.3,-62.95
Animation_Cannon.anm,a__CannonAnimation,AttackSpecialBrute8cHit,11,146.3,-62.95
Animation_Cannon.anm,a__CannonAnimation,AttackSpecialBrute8cHit,12,146.3,-62.95
Animation_Cannon.anm,a__CannonAnimation,AttackSpecialBrute8cHit2,0,291.45,-66
Animation_Cannon.anm,a__CannonAnimation,AttackSpecialBrute8cHit2,1,291.45,-66
Animation_Cannon.anm,a__CannonAnimation,AttackSpecialBrute8cHit2,2,291.45,-66
Animation_Cannon.anm,a__CannonAnimation,AttackSpecialBrute8cHit2,3,306.1,-71.5
Animation_Cannon.anm,a__CannonAnimation,AttackSpecialBrute8cHit2,4,306.1,-71.5
Animation_Cannon.anm,a__CannonAnimation,AttackSpecialBrute8cHit2,5,306.1,-71.5
Animation_Cannon.anm,a__CannonAnimation,AttackSpecialBrute8cHit2,6,317.15,-56.85
Animation_Cannon.anm,a__CannonAnimation,AttackSpecialBrute8cHit2,7,297,-16.5
Animation_Cannon.anm,a__CannonAnimation,AttackSpecialBrute8cHit2,8,135.75,11.1
Animation_Cannon.anm,a__CannonAnimation,AttackSpecialBrute8cHit2,9,122.9,0.1
Animation_Cannon.anm,a__CannonAnimation,AttackSpecialBrute8cHit2,10,130.2,-9.05
Animation_Cannon.anm,a__CannonAnimation,AttackSpecialBrute8cHit2,11,154,-9.05
Animation_Cannon.anm,a__CannonAnimation,AttackSpecialBrute8cHit2,12,174.15,-12.7
Animation_Cannon.anm,a__CannonAnimation,AttackSpecialBrute8cHit2,13,174.15,-12.7
Animation_Cannon.anm,a__CannonAnimation,AttackSpecialBrute6SwapAmethyst,0,163.95,-8.9
Animation_Cannon.anm,a__CannonAnimation,AttackSpecialBrute6SwapAmethyst,1,163.95,-8.9
Animation_Cannon.anm,a__CannonAnimation,AttackSpecialBrute6SwapAmethyst,2,163.95,-8.9
Animation_Cannon.anm,a__CannonAnimation,AttackSpecialBrute6SwapAmethyst,3,163.95,-8.9
Animation_Cannon.anm,a__CannonAnimation,AttackSpecialBrute6SwapAmethyst,4,163.95,-8.9
Animation_Cannon.anm,a__CannonAnimation,AttackSpecialBrute6SwapAmethyst,5,163.95,-8.9
Animation_Cannon.anm,a__CannonAnimation,AttackSpecialBrute6SwapAmethyst,6,163.95,-8.9
Animation_Cannon.anm,a__CannonAnimation,AttackSpecialBrute6SwapAmethyst,7,163.95,-8.9
Animation_Cannon.anm,a__CannonAnimation,AttackSpecialBrute6SwapAmethyst,8,163.95,-8.9
Animation_Cannon.anm,a__CannonAnimation,AttackSpecialBrute6SwapAmethyst,9,163.95,-8.9
Animation_Cannon.anm,a__CannonAnimation,AttackSpecialBrute6SwapAmethyst,10,163.95,-8.9
Animation_Cannon.anm,a__CannonAnimation,AttackSpecialBrute6SwapAmethyst,11,163.95,-8.9
Animation_Cannon.anm,a__CannonAnimation,AttackSpecialBrute6SwapAmethyst,12,163.95,-8.9
Animation_Cannon.anm,a__CannonAnimation,AttackSpecialBrute6SwapAmethyst,13,163.95,-8.9
Animation_Cannon.anm,a__CannonAnimation,AttackSpecialBrute6SwapAmethyst,14,163.95,-8.9
Animation_Cannon.anm,a__CannonAnimation,AttackSpecialBrute6SwapAmethyst,15,163.95,-8.9
Animation_Cannon.anm,a__CannonAnimation,AttackSpecialBrute6SwapAmethyst,16,163.95,-8.9
Animation_Cannon.anm,a__CannonAnimation,AttackSpecialBrute6SwapAmethyst,17,163.95,-8.9
Animation_Cannon.anm,a__CannonAnimation,AttackSpecialBrute6SwapAmethyst,18,163.95,-8.9
Animation_Cannon.anm,a__CannonAnimation,AttackSpecialBrute6SwapAmethyst,19,163.95,-8.9
Animation_Cannon.anm,a__CannonAnimation,AttackSpecialBrute6SwapAmethyst,20,163.95,-8.9
Animation_Cannon.anm,a__CannonAnimation,AttackSpecialBrute6SwapAmethyst,21,163.95,-8.9
Animation_Cannon.anm,a__CannonAnimation,AttackSpecialBrute6SwapAmethyst,22,163.95,-8.9
Animation_Cannon.anm,a__CannonAnimation,AttackSpecialBrute6SwapAmethyst,23,163.95,-8.9
Animation_Cannon.anm,a__CannonAnimation,AttackSpecialBrute6SwapAmethyst,24,163.95,-8.9
Animation_Cannon.anm,a__CannonAnimation,AttackSpecialBrute6SwapAmethyst,25,163.95,-8.9
Animation_Cannon.anm,a__CannonAnimation,AttackSpecialBrute6SwapAmethyst,26,163.95,-8.9
Animation_Cannon.anm,a__CannonAnimation,AttackSpecialBrute6SwapAmethyst,27,163.95,-8.9
Animation_Cannon.anm,a__CannonAnimation,AttackSpecialBrute6SwapAmethyst,28,163.95,-8.9
Animation_Cannon.anm,a__CannonAnimation,AttackSpecialBrute6SwapAmethyst,29,163.95,-8.9
Animation_Cannon.anm,a__CannonAnimation,AttackSpecialBrute6SwapAmethyst,30,163.95,-8.9
Animation_Fists.anm,a__FistsAnimation,AttackAir,0,-1.5,-158.85
Animation_Fists.anm,a__FistsAnimation,AttackAir,1,-1.5,-158.85
Animation_Fists.anm,a__FistsAnimation,AttackAir,2,-1.5,-158.85
Animation_Fists.anm,a__FistsAnimation,AttackAir,3,-1.5,-158.85
Animation_Fists.anm,a__FistsAnimation,AttackAir,4,-1.5,-158.85
Animation_Fists.anm,a__FistsAnimation,AttackAir,5,-1.5,-158.85
Animation_Fists.anm,a__FistsAnimation,AttackAir,6,-1.5,-158.85
Animation_Fists.anm,a__FistsAnimation,AttackAir,7,-1.5,-158.85
Animation_Fists.anm,a__FistsAnimation,AttackAir,8,-1.5,-158.85
Animation_Fists.anm,a__FistsAnimation,AttackAir,9,-1.5,-158.85
Animation_Fists.anm,a__FistsAnimation,AttackAir,10,-1.5,-158.85
Animation_Fists.anm,a__FistsAnimation,AttackAirHit,0,-1.5,-151.85
Animation_Fists.anm,a__FistsAnimation,AttackAirHit,1,-1.5,-151.85
Animation_Fists.anm,a__FistsAnimation,AttackAirHit,2,-5.5,-151.85
Animation_Fists.anm,a__FistsAnimation,AttackAirHit,3,-12.5,-151.85
Animation_Fists.anm,a__FistsAnimation,AttackAirHit,4,-14.5,-151.85
Animation_Fists.anm,a__FistsAnimation,AttackAirHit,5,-17.5,-150.85
Animation_Fists.anm,a__FistsAnimation,AttackAirHit,6,45.5,-129.85
Animation_Fists.anm,a__FistsAnimation,AttackAirHit,7,137.5,76.2
Animation_Fists.anm,a__FistsAnimation,AttackSpecialGolem2,0,235.95,-45.5
Animation_Fists.anm,a__FistsAnimation,AttackSpecialGolem2,1,235.95,-45.5
Animation_Fists.anm,a__FistsAnimation,AttackSpecialGolem2,2,235.95,-45.5
Animation_Fists.anm,a__FistsAnimation,AttackSpecialGolem2,3,235.95,-45.5
Animation_Fists.anm,a__FistsAnimation,AttackSpecialGolem2,4,235.95,-45.5
Animation_Fists.anm,a__FistsAnimation,AttackSpecialGolem2,5,235.95,-45.5
Animation_Fists.anm,a__FistsAnimation,AttackSpecialGolem2,6,235.95,-45.5
Animation_Fists.anm,a__FistsAnimation,AttackSpecialGolem2,7,235.95,-45.5
Animation_Fists.anm,a__FistsAnimation,AttackSpecialGolem2,8,235.95,-45.5
Animation_Fists.anm,a__FistsAnimation,AttackSpecialGolem2,9,235.95,-45.5
Animation_Fists.anm,a__FistsAnimation,AttackSpecialGolem2,10,235.95,-45.5
Animation_Fists.anm,a__FistsAnimation,AttackSpecialGolem2,11,235.95,-45.5
Animation_Fists.anm,a__FistsAnimation,AttackSpecialGolem2,12,235.95,-45.5
Animation_Fists.anm,a__FistsAnimation,AttackSpecialGolem2,13,235.95,-45.5
Animation_Fists.anm,a__FistsAnimation,AttackSpecialGolem2,14,235.95,-45.5
Animation_Fists.anm,a__FistsAnimation,AttackSpecialGolem2,15,235.95,-45.5
Animation_Fists.anm,a__FistsAnimation,AttackSpecialGolem2,16,235.95,-45.5
Animation_Fists.anm,a__FistsAnimation,AttackSpecialGolem2,17,235.95,-45.5
Animation_Fists.anm,a__FistsAnimation,AttackSpecialGolem2,18,235.95,-45.5
Animation_Fists.anm,a__FistsAnimation,AttackSpecialGolem2,19,235.95,-45.5
Animation_Fists.anm,a__FistsAnimation,AttackSpecialGolem2,20,235.95,-45.5
Animation_Fists.anm,a__FistsAnimation,AttackSpecialGolem2,21,235.95,-45.5
Animation_Fists.anm,a__FistsAnimation,AttackSpecialGolem2,22,235.95,-45.5
Animation_Fists.anm,a__FistsAnimation,AttackSpecialGolem2,23,235.95,-45.5
Animation_Fists.anm,a__FistsAnimation,AttackSpecialGolem2,24,235.95,-45.5
Animation_Fists.anm,a__FistsAnimation,AttackSpecialGolem2,25,235.95,-45.5
Animation_Fists.anm,a__FistsAnimation,AttackSpecialGolem2,26,235.95,-45.5
Animation_Fists.anm,a__FistsAnimation,AttackSpecialGolem2,27,235.95,-45.5
Animation_Fists.anm,a__FistsAnimation,AttackSpecialGolem2,28,235.95,-45.5
Animation_Fists.anm,a__FistsAnimation,AttackSpecialGolem2,29,235.95,-45.5
Animation_Fists.anm,a__FistsAnimation,AttackSpecialGolem2,30,235.95,-45.5
Animation_Fists.anm,a__FistsAnimation,AttackSpecialGolem2,31,235.95,-45.5
Animation_Fists.anm,a__FistsAnimation,AttackSpecialGolem2,32,235.95,-45.5
Animation_Fists.anm,a__FistsAnimation,AttackSpecialGolem2,33,235.95,-45.5
Animation_Fists.anm,a__FistsAnimation,AttackSpecialGolem2,34,301.95,-45.5
Animation_Fists.anm,a__FistsAnimation,AttackSpecialGolem2,35,301.95,-45.5
Animation_Fists.anm,a__FistsAnimation,AttackSpecialGolem2,36,301.95,-45.5
Animation_Fists.anm,a__FistsAnimation,AttackSpecialGolem2,37,301.95,-45.5
Animation_Fists.anm,a__FistsAnimation,AttackSpecialGolem2,38,301.95,-45.5
Animation_Fists.anm,a__FistsAnimation,AttackSpecialGolem2,39,301.95,-45.5
Animation_Fists.anm,a__FistsAnimation,AttackSpecialGolem2,40,301.95,-45.5
Animation_Fists.anm,a__FistsAnimation,AttackSpecialGolem2,41,301.95,-45.5
Animation_Fists.anm,a__FistsAnimation,AttackSpecialGolem2,42,301.95,-45.5
Animation_Fists.anm,a__FistsAnimation,AttackSpecialGolem2,43,301.95,-45.5
Animation_Fists.anm,a__FistsAnimation,AttackSpecialGolem2,44,301.95,-45.5
Animation_Fists.anm,a__FistsAnimation,AttackSpecialGolem2Hit,0,241.95,-47.5
Animation_Fists.anm,a__FistsAnimation,AttackSpecialGolem2Hit,1,194.85,-43.5
Animation_Fists.anm,a__FistsAnimation,AttackSpecialGolem2Hit,2,31.8,-53
Animation_Fists.anm,a__FistsAnimation,AttackSpecialGolem2Hit,3,-71.1,-47.5
Animation_Fists.anm,a__FistsAnimation,AttackSpecialGolem2Hit,4,-117.2,-42.5
Animation_Fists.anm,a__FistsAnimation,AttackSpecialGolem2Hit,5,-145.05,-31
Animation_Fists.anm,a__FistsAnimation,AttackSpecialGolem2Hit,6,-173.05,-23
Animation_Fists.anm,a__FistsAnimation,AttackSpecialGolem2Hit,7,-183.05,-12
Animation_Fists.anm,a__FistsAnimation,AttackSpecialGolem2Hit,8,-193.05,-7
Animation_Fists.anm,a__FistsAnimation,AttackSpecialGolem2Hit,9,-191.1,-4.45
Animation_Fists.anm,a__FistsAnimation,AttackSpecialGolem2Hit,10,-107.15,1.5
Animation_Fists.anm,a__FistsAnimation,AttackSpecialGolem2Hit,11,207,-25.55
Animation_Fists.anm,a__FistsAnimation,AttackSpecialGolem3,32,125.9,-137.6
Animation_Fists.anm,a__FistsAnimation,AttackSpecialGolem3,33,156.3,-301.85
Animation_Fists.anm,a__FistsAnimation,AttackSpecialGolem3,34,90.95,-381.6
Animation_Fists.anm,a__FistsAnimation,AttackSpecialGolem3,35,47.45,-390
Animation_Fists.anm,a__FistsAnimation,AttackSpecialGolem3,36,47.45,-390
Animation_Fists.anm,a__FistsAnimation,AttackSpecialGolem3Hit,0,47.45,-390
Animation_Fists.anm,a__FistsAnimation,AttackSpecialGolem3Hit,1,170.1,-229.2
Animation_Fists.anm,a__FistsAnimation,AttackSpecialGolem3Hit,2,222.6,-105.75
Animation_Fists.anm,a__FistsAnimation,AttackSpecialGolem3Hit,3,226.8,-77.8
Animation_Fists.anm,a__FistsAnimation,AttackSpecialGolem3Hit,4,227.6,-68.45
Animation_Fists.anm,a__FistsAnimation,AttackSpecialGolem3Hit,5,227.6,-63
Animation_Fists.anm,a__FistsAnimation,AttackSpecialGolem3Hit,6,227.6,-58.35
Animation_Fists.anm,a__FistsAnimation,AttackSpecialWerewolf06,36,152.75,-37.95
Animation_Fists.anm,a__FistsAnimation,AttackSpecialWerewolf06,37,176.3,-19.05
Animation_Fists.anm,a__FistsAnimation,AttackSpecialWerewolf06,38,183.8,14.1
Animation_Fists.anm,a__FistsAnimation,AttackSpecialWerewolf06Hit,0,183.8,14.1
Animation_Fists.anm,a__FistsAnimation,AttackSpecialWerewolf06Hit,1,110.95,48
Animation_Fists.anm,a__FistsAnimation,AttackSpecialWerewolf06Hit,2,45.45,70.45
Animation_Fists.anm,a__FistsAnimation,AttackSpecialWerewolf06Hit,3,-7.45,65.1
Animation_Fists.anm,a__FistsAnimation,AttackSpecialWerewolf06Hit,4,-77.05,43.1
Animation_Fists.anm,a__FistsAnimation,AttackSpecialWerewolf06Hit,5,-96.65,-5.05
Animation_Fists.anm,a__FistsAnimation,AttackSpecialWerewolf06Hit,6,-96.5,16.1
Animation_Fists.anm,a__FistsAnimation,AttackSpecialWerewolf06Hit,7,-71.6,26.75
Animation_Fists.anm,a__FistsAnimation,AttackSpecialWerewolf06Hit,8,-68.55,23.55
Animation_Fists.anm,a__FistsAnimation,AttackSpecialWerewolf06Hit,9,-26.45,14.15
Animation_Fists.anm,a__FistsAnimation,AttackSpecialWerewolf06Hit,10,102.7,-155.85
Animation_Fists.anm,a__FistsAnimation,AttackSpecialWerewolf06Active,0,183.8,14.1
Animation_Fists.anm,a__FistsAnimation,AttackSpecialWerewolf06Active,1,137.5,12.95
Animation_Fists.anm,a__FistsAnimation,AttackSpecialWerewolf06Active,2,104.6,-10.45
Animation_Fists.anm,a__FistsAnimation,AttackSpecialWerewolf06Active,3,43.05,12.55
Animation_Fists.anm,a__FistsAnimation,AttackSpecialWerewolf06Active,4,43.05,12.55
Animation_Fists.anm,a__FistsAnimation,AttackSpecialWerewolf06Active,5,8.15,11.6
Animation_Fists.anm,a__FistsAnimation,AttackSpecialWerewolf06Active,6,-68.1,12.65
Animation_Fists.anm,a__FistsAnimation,AttackSpecialWerewolf06Active,7,-65.2,3.2
Animation_Fists.anm,a__FistsAnimation,AttackSpecialWerewolf06Active,8,-62.45,-9.85
Animation_Fists.anm,a__FistsAnimation,AttackSpecialWerewolf06Active,9,-58.8,-10.5
Animation_Fists.anm,a__FistsAnimation,AttackSpecialWerewolf06Active,10,-68.95,-38.05
Animation_Fists.anm,a__FistsAnimation,AttackSpecialWerewolf06Active,11,-58.65,-95.45
Animation_Fists.anm,a__FistsAnimation,AttackSpecialWerewolf06Active,12,-58.55,-102.5
Animation_Fists.anm,a__FistsAnimation,AttackSpecialWerewolf06Active,13,187.85,109.35
Animation_Fists.anm,a__FistsAnimation,AttackSpecialWerewolf06HitGround,0,183.8,14.1
Animation_Fists.anm,a__FistsAnimation,AttackSpecialWerewolf06HitGround,1,137.5,12.95
Animation_Fists.anm,a__FistsAnimation,AttackSpecialWerewolf06HitGround,2,104.6,-10.45
Animation_Fists.anm,a__FistsAnimation,AttackSpecialWerewolf06HitGround,3,34.85,12.6
Animation_Fists.anm,a__FistsAnimation,AttackSpecialWerewolf06HitGround,4,14.65,13.15
Animation_Fists.anm,a__FistsAnimation,AttackSpecialWerewolf06HitGround,5,-62.1,12.8
Animation_Fists.anm,a__FistsAnimation,AttackSpecialWerewolf06HitGround,6,-62.05,13.4
Animation_Fists.anm,a__FistsAnimation,AttackSpecialWerewolf06HitGround,7,-38.95,12.15
Animation_Fists.anm,a__FistsAnimation,AttackSpecialWerewolf06HitGround,8,-26.55,12.8
Animation_Fists.anm,a__FistsAnimation,AttackSpecialWerewolf06HitGround,9,28.8,-12.75
Animation_Fists.anm,a__FistsAnimation,AttackSpecialWerewolf06HitGround,10,117.45,-155.85
Animation_Fists.anm,a__FistsAnimation,AttackSpecialThief5,0,124.5,63
Animation_Fists.anm,a__FistsAnimation,AttackSpecialThief5,1,124.5,63
Animation_Fists.anm,a__FistsAnimation,AttackSpecialThief5,2,124.5,63
Animation_Fists.anm,a__FistsAnimation,AttackSpecialThief5,3,124.5,63
Animation_Fists.anm,a__FistsAnimation,AttackSpecialThief5,4,124.5,63
Animation_Fists.anm,a__FistsAnimation,AttackSpecialThief5,5,124.5,63
Animation_Fists.anm,a__FistsAnimation,AttackSpecialThief5,6,124.5,63
Animation_Fists.anm,a__FistsAnimation,AttackSpecialThief5,7,124.5,63
Animation_Fists.anm,a__FistsAnimation,AttackSpecialThief5,8,124.5,63
Animation_Fists.anm,a__FistsAnimation,AttackSpecialThief5,9,124.5,63
Animation_Fists.anm,a__FistsAnimation,AttackSpecialThief5,10,124.5,63
Animation_Fists.anm,a__FistsAnimation,AttackSpecialThief5,11,124.5,63
Animation_Fists.anm,a__FistsAnimation,AttackSpecialThief5,12,124.5,63
Animation_Fists.anm,a__FistsAnimation,AttackSpecialThief5,13,124.5,63
Animation_Fists.anm,a__FistsAnimation,AttackSpecialThief5,14,124.5,63
Animation_Fists.anm,a__FistsAnimation,AttackSpecialThief5,15,124.5,63
Animation_Fists.anm,a__FistsAnimation,AttackSpecialThief5,16,124.5,63
Animation_Fists.anm,a__FistsAnimation,AttackSpecialThief5,17,124.5,63
Animation_Fists.anm,a__FistsAnimation,AttackSpecialThief5,18,124.5,63
Animation_Fists.anm,a__FistsAnimation,AttackSpecialThief5,19,124.5,63
Animation_Fists.anm,a__FistsAnimation,AttackSpecialThief5,20,124.5,63
Animation_Fists.anm,a__FistsAnimation,AttackSpecialThief5,21,124.5,63
Animation_Fists.anm,a__FistsAnimation,AttackSpecialThief5,22,124.5,63
Animation_Fists.anm,a__FistsAnimation,AttackSpecialThief5,23,124.5,63
Animation_Fists.anm,a__FistsAnimation,AttackSpecialThief5,24,124.5,63
Animation_Fists.anm,a__FistsAnimation,AttackSpecialThief5,25,124.5,63
Animation_Fists.anm,a__FistsAnimation,AttackSpecialThief5,26,124.5,63
Animation_Fists.anm,a__FistsAnimation,AttackSpecialThief5,27,124.5,63
Animation_Fists.anm,a__FistsAnimation,AttackSpecialThief5,28,124.5,63
Animation_Fists.anm,a__FistsAnimation,AttackSpecialThief5,29,124.5,63
Animation_Fists.anm,a__FistsAnimation,AttackSpecialThief5,30,124.5,63
Animation_Fists.anm,a__FistsAnimation,AttackSpecialThief5,31,124.5,63
Animation_Fists.anm,a__FistsAnimation,AttackSpecialThief5,32,124.5,63
Animation_Fists.anm,a__FistsAnimation,AttackSpecialThief5,33,124.5,63
Animation_Fists.anm,a__FistsAnimation,AttackSpecialThief5,34,124.5,63
Animation_Fists.anm,a__FistsAnimation,AttackSpecialThief5,35,124.5,63
Animation_Fists.anm,a__FistsAnimation,AttackSpecialThief5,36,124.5,63
Animation_Fists.anm,a__FistsAnimation,AttackSpecialThief5,37,124.5,63
Animation_Fists.anm,a__FistsAnimation,AttackSpecialThief5,38,124.5,63
Animation_Fists.anm,a__FistsAnimation,AttackSpecialThief5,39,124.5,63
Animation_Fists.anm,a__FistsAnimation,AttackSpecialThief5,40,124.5,63
Animation_Fists.anm,a__FistsAnimation,AttackSpecialThief5,41,124.5,63
Animation_Fists.anm,a__FistsAnimation,AttackSpecialThief5,42,124.5,63
Animation_Fists.anm,a__FistsAnimation,AttackSpecialThief5,43,124.5,63
Animation_Fists.anm,a__FistsAnimation,AttackSpecialThief5,44,124.5,63
Animation_Fists.anm,a__FistsAnimation,AttackSpecialThief5Hit,0,-51.55,89
Animation_Fists.anm,a__FistsAnimation,AttackSpecialThief5Hit,1,-51.55,89
Animation_Fists.anm,a__FistsAnimation,AttackSpecialThief5Hit,2,-18.55,97.05
Animation_Fists.anm,a__FistsAnimation,AttackSpecialThief5Hit,3,14.5,89.05
Animation_Fists.anm,a__FistsAnimation,AttackSpecialThief5Hit,4,38.5,87.05
Animation_Fists.anm,a__FistsAnimation,AttackSpecialThief5Hit,5,74.5,66.05
Animation_Fists.anm,a__FistsAnimation,AttackSpecialThief5Hit,6,74.5,66.05
Animation_Fists.anm,a__FistsAnimation,AttackSpecialThief5Hit,7,179.55,72
Animation_Fists.anm,a__FistsAnimation,AttackSpecialThief5Hit,8,282.55,97
Animation_Fists.anm,a__FistsAnimation,AttackSpecialThief5Hit,9,314.55,103.05
Animation_Fists.anm,a__FistsAnimation,AttackSpecialThief5Hit,10,327.55,107
Animation_Fists.anm,a__FistsAnimation,AttackSpecialThief5Hit,11,337.55,110
Animation_Fists.anm,a__FistsAnimation,AttackSpecialThief5Hit,12,351.55,94
Animation_Fists.anm,a__FistsAnimation,AttackSpecialThief5Hit,13,362.6,89
Animation_Fists.anm,a__FistsAnimation,AttackSpecialCelestial3,32,228.05,-10.55
Animation_Fists.anm,a__FistsAnimation,AttackSpecialCelestial3,33,269.6,-13.1
Animation_Fists.anm,a__FistsAnimation,AttackSpecialCelestial3,34,295.05,-22.8
Animation_Fists.anm,a__FistsAnimation,AttackSpecialCelestial3,35,313.25,-29.7
Animation_Fists.anm,a__FistsAnimation,AttackSpecialCelestial3,36,324.15,-33.85
Animation_Fists.anm,a__FistsAnimation,AttackSpecialCelestial3,37,327.8,-35.25
Animation_Fists.anm,a__FistsAnimation,AttackSpecialCelestial3,38,327.8,-35.25
Animation_Fists.anm,a__FistsAnimation,AttackSpecialCelestial3,39,327.8,-35.25
Animation_Fists.anm,a__FistsAnimation,AttackSpecialCelestial3Ground,32,228.05,-10.55
Animation_Fists.anm,a__FistsAnimation,AttackSpecialCelestial3Ground,33,269.6,-13.1
Animation_Fists.anm,a__FistsAnimation,AttackSpecialCelestial3Ground,34,295.05,-22.8
Animation_Fists.anm,a__FistsAnimation,AttackSpecialCelestial3Ground,35,313.25,-29.7
Animation_Fists.anm,a__FistsAnimation,AttackSpecialCelestial3Ground,36,324.15,-33.85
Animation_Fists.anm,a__FistsAnimation,AttackSpecialCelestial3Ground,37,327.8,-35.25
Animation_Fists.anm,a__FistsAnimation,AttackSpecialCelestial3Ground,38,327.8,-35.25
Animation_Fists.anm,a__FistsAnimation,AttackSpecialCelestial3Ground,39,327.8,-35.25
Animation_Fists.anm,a__FistsAnimation,AttackSpecialCelestial10,35,132.95,-158.3
Animation_Fists.anm,a__FistsAnimation,AttackSpecialCelestial10,36,117.7,-210.7
Animation_Fists.anm,a__FistsAnimation,AttackSpecialCelestial10,37,74.35,-246.2
Animation_Fists.anm,a__FistsAnimation,AttackSpecialCelestial10,38,55.55,-251.8
Animation_Fists.anm,a__FistsAnimation,AttackSpecialCelestial10,39,13.15,-251
Animation_Fists.anm,a__FistsAnimation,AttackSpecialCelestial10Hit,0,13.15,-251
Animation_Fists.anm,a__FistsAnimation,AttackSpecialCelestial10Hit,1,-36.5,-221.95
Animation_Fists.anm,a__FistsAnimation,AttackSpecialCelestial10Hit,2,-92.45,-187.3
Animation_Fists.anm,a__FistsAnimation,AttackSpecialCelestial10Hit,3,-92.45,-187.3
Animation_Fists.anm,a__FistsAnimation,AttackSpecialCelestial10Hit,4,-92.45,-187.3
Animation_Fists.anm,a__FistsAnimation,AttackSpecialCelestial10Hit,5,-85.35,-178.55
Animation_Fists.anm,a__FistsAnimation,AttackSpecialCelestial10Hit,6,-77.4,-158.9
Animation_Fists.anm,a__FistsAnimation,AttackSpecialCelestial10Hit,7,-60.4,-136.25
Animation_Fists.anm,a__FistsAnimation,AttackSpecialCelestial10Hit,8,-50.4,-41.7
Animation_Fists.anm,a__FistsAnimation,AttackSpecialCelestial10Hit,9,-7.15,-8.3
Animation_Fists.anm,a__FistsAnimation,AttackSpecialCelestial10Hit,10,-7.15,-8.3
Animation_Fists.anm,a__FistsAnimation,AttackSpecialCelestial10Hit,11,-7.15,-8.3
Animation_Fists.anm,a__FistsAnimation,AttackSpecialCelestial10Hit,12,42.35,-25.3
Animation_Fists.anm,a__FistsAnimation,AttackSpecialRageFighter5HitMOD,0,-124.85,-12.9
Animation_Fists.anm,a__FistsAnimation,AttackSpecialRageFighter5HitMOD,1,-198.9,-48.95
Animation_Fists.anm,a__FistsAnimation,AttackSpecialRageFighter5HitMOD,2,-226.5,-62.55
Animation_Fists.anm,a__FistsAnimation,AttackSpecialRageFighter5HitMOD,3,-254.15,-76.15
Animation_Fists.anm,a__FistsAnimation,AttackSpecialRageFighter5HitMOD,4,214.35,16.3
Animation_Fists.anm,a__FistsAnimation,AttackSpecialRageFighter5HitMOD,5,186.7,2.7
Animation_Fists.anm,a__FistsAnimation,AttackSpecialRageFighter5HitMOD,6,159.1,-10.9
Animation_Fists.anm,a__FistsAnimation,AttackSpecialRageFighter5Hit2,0,159.1,-10.9
Animation_Fists.anm,a__FistsAnimation,AttackSpecialRageFighter5Hit2,1,159.1,-10.9
Animation_Fists.anm,a__FistsAnimation,AttackSpecialRageFighter5Hit2,2,159.1,-10.9
Animation_Fists.anm,a__FistsAnimation,AttackSpecialRageFighter5Hit2,3,159.1,-10.9
Animation_Fists.anm,a__FistsAnimation,AttackSpecialRageFighter5Hit2,4,159.1,-10.9
Animation_Fists.anm,a__FistsAnimation,AttackSpecialRageFighter5Hit2,5,159.1,-10.9
Animation_Fists.anm,a__FistsAnimation,AttackSpecialRageFighter5Hit2,6,159.1,-10.9
Animation_Fists.anm,a__FistsAnimation,AttackSpecialRageFighter5Hit2,7,159.1,-10.9
Animation_Fists.anm,a__FistsAnimation,AttackSpecialGolem2SwapFourarms,0,235.95,-45.5
Animation_Fists.anm,a__FistsAnimation,AttackSpecialGolem2SwapFourarms,1,235.95,-45.5
Animation_Fists.anm,a__FistsAnimation,AttackSpecialGolem2SwapFourarms,2,235.95,-45.5
Animation_Fists.anm,a__FistsAnimation,AttackSpecialGolem2SwapFourarms,3,235.95,-45.5
Animation_Fists.anm,a__FistsAnimation,AttackSpecialGolem2SwapFourarms,4,235.95,-45.5
Animation_Fists.anm,a__FistsAnimation,AttackSpecialGolem2SwapFourarms,5,235.95,-45.5
Animation_Fists.anm,a__FistsAnimation,AttackSpecialGolem2SwapFourarms,6,235.95,-45.5
Animation_Fists.anm,a__FistsAnimation,AttackSpecialGolem2SwapFourarms,7,235.95,-45.5
Animation_Fists.anm,a__FistsAnimation,AttackSpecialGolem2SwapFourarms,8,235.95,-45.5
Animation_Fists.anm,a__FistsAnimation,AttackSpecialGolem2SwapFourarms,9,235.95,-45.5
Animation_Fists.anm,a__FistsAnimation,AttackSpecialGolem2SwapFourarms,10,235.95,-45.5
Animation_Fists.anm,a__FistsAnimation,AttackSpecialGolem2SwapFourarms,11,235.95,-45.5
Animation_Fists.anm,a__FistsAnimation,AttackSpecialGolem2SwapFourarms,12,235.95,-45.5
Animation_Fists.anm,a__FistsAnimation,AttackSpecialGolem2SwapFourarms,13,235.95,-45.5
Animation_Fists.anm,a__FistsAnimation,AttackSpecialGolem2SwapFourarms,14,235.95,-45.5
Animation_Fists.anm,a__FistsAnimation,AttackSpecialGolem2SwapFourarms,15,235.95,-45.5
Animation_Fists.anm,a__FistsAnimation,AttackSpecialGolem2SwapFourarms,16,235.95,-45.5
Animation_Fists.anm,a__FistsAnimation,AttackSpecialGolem2SwapFourarms,17,235.95,-45.5
Animation_Fists.anm,a__FistsAnimation,AttackSpecialGolem2SwapFourarms,18,235.95,-45.5
Animation_Fists.anm,a__FistsAnimation,AttackSpecialGolem2SwapFourarms,19,235.95,-45.5
Animation_Fists.anm,a__FistsAnimation,AttackSpecialGolem2SwapFourarms,20,235.95,-45.5
Animation_Fists.anm,a__FistsAnimation,AttackSpecialGolem2SwapFourarms,21,235.95,-45.5
Animation_Fists.anm,a__FistsAnimation,AttackSpecialGolem2SwapFourarms,22,235.95,-45.5
Animation_Fists.anm,a__FistsAnimation,AttackSpecialGolem2SwapFourarms,23,235.95,-45.5
Animation_Fists.anm,a__FistsAnimation,AttackSpecialGolem2SwapFourarms,24,235.95,-45.5
Animation_Fists.anm,a__FistsAnimation,AttackSpecialGolem2SwapFourarms,25,235.95,-45.5
Animation_Fists.anm,a__FistsAnimation,AttackSpecialGolem2SwapFourarms,26,235.95,-45.5
Animation_Fists.anm,a__FistsAnimation,AttackSpecialGolem2SwapFourarms,27,235.95,-45.5
Animation_Fists.anm,a__FistsAnimation,AttackSpecialGolem2SwapFourarms,28,235.95,-45.5
Animation_Fists.anm,a__FistsAnimation,AttackSpecialGolem2SwapFourarms,29,235.95,-45.5
Animation_Fists.anm,a__FistsAnimation,AttackSpecialGolem2SwapFourarms,30,235.95,-45.5
Animation_Fists.anm,a__FistsAnimation,AttackSpecialGolem2SwapFourarms,31,235.95,-45.5
Animation_Fists.anm,a__FistsAnimation,AttackSpecialGolem2SwapFourarms,32,235.95,-45.5
Animation_Fists.anm,a__FistsAnimation,AttackSpecialGolem2SwapFourarms,33,235.95,-45.5
Animation_Fists.anm,a__FistsAnimation,AttackSpecialGolem2SwapFourarms,34,301.95,-45.5
Animation_Fists.anm,a__FistsAnimation,AttackSpecialGolem2SwapFourarms,35,301.95,-45.5
Animation_Fists.anm,a__FistsAnimation,AttackSpecialGolem2SwapFourarms,36,301.95,-45.5
Animation_Fists.anm,a__FistsAnimation,AttackSpecialGolem2SwapFourarms,37,301.95,-45.5
Animation_Fists.anm,a__FistsAnimation,AttackSpecialGolem2SwapFourarms,38,301.95,-45.5
Animation_Fists.anm,a__FistsAnimation,AttackSpecialGolem2SwapFourarms,39,301.95,-45.5
Animation_Fists.anm,a__FistsAnimation,AttackSpecialGolem2SwapFourarms,40,301.95,-45.5
Animation_Fists.anm,a__FistsAnimation,AttackSpecialGolem2SwapFourarms,41,301.95,-45.5
Animation_Fists.anm,a__FistsAnimation,AttackSpecialGolem2SwapFourarms,42,301.95,-45.5
Animation_Fists.anm,a__FistsAnimation,AttackSpecialGolem2SwapFourarms,43,301.95,-45.5
Animation_Fists.anm,a__FistsAnimation,AttackSpecialGolem2SwapFourarms,44,301.95,-45.5
Animation_Fists.anm,a__FistsAnimation,AttackSpecialGolem2HitSwapFourarms,0,241.95,-47.5
Animation_Fists.anm,a__FistsAnimation,AttackSpecialGolem2HitSwapFourarms,1,194.85,-43.5
Animation_Fists.anm,a__FistsAnimation,AttackSpecialGolem2HitSwapFourarms,2,31.8,-53
Animation_Fists.anm,a__FistsAnimation,AttackSpecialGolem2HitSwapFourarms,3,-71.1,-47.5
Animation_Fists.anm,a__FistsAnimation,AttackSpecialGolem2HitSwapFourarms,4,-117.2,-42.5
Animation_Fists.anm,a__FistsAnimation,AttackSpecialGolem2HitSwapFourarms,5,-145.05,-31
Animation_Fists.anm,a__FistsAnimation,AttackSpecialGolem2HitSwapFourarms,6,-173.05,-23
Animation_Fists.anm,a__FistsAnimation,AttackSpecialGolem2HitSwapFourarms,7,-183.05,-12
Animation_Fists.anm,a__FistsAnimation,AttackSpecialGolem2HitSwapFourarms,8,-193.05,-7
Animation_Fists.anm,a__FistsAnimation,AttackSpecialGolem2HitSwapFourarms,9,-191.1,-4.45
Animation_Fists.anm,a__FistsAnimation,AttackSpecialGolem2HitSwapFourarms,10,-107.15,1.5
Animation_Fists.anm,a__FistsAnimation,AttackSpecialGolem2HitSwapFourarms,11,207,-25.55
Animation_Fists.anm,a__FistsAnimation,AttackSpecialThief5SwapDiamondhead,0,124.5,63
Animation_Fists.anm,a__FistsAnimation,AttackSpecialThief5SwapDiamondhead,1,124.5,63
Animation_Fists.anm,a__FistsAnimation,AttackSpecialThief5SwapDiamondhead,2,124.5,63
Animation_Fists.anm,a__FistsAnimation,AttackSpecialThief5SwapDiamondhead,3,124.5,63
Animation_Fists.anm,a__FistsAnimation,AttackSpecialThief5SwapDiamondhead,4,124.5,63
Animation_Fists.anm,a__FistsAnimation,AttackSpecialThief5SwapDiamondhead,5,124.5,63
Animation_Fists.anm,a__FistsAnimation,AttackSpecialThief5SwapDiamondhead,6,124.5,63
Animation_Fists.anm,a__FistsAnimation,AttackSpecialThief5SwapDiamondhead,7,124.5,63
Animation_Fists.anm,a__FistsAnimation,AttackSpecialThief5SwapDiamondhead,8,124.5,63
Animation_Fists.anm,a__FistsAnimation,AttackSpecialThief5SwapDiamondhead,9,124.5,63
Animation_Fists.anm,a__FistsAnimation,AttackSpecialThief5SwapDiamondhead,10,124.5,63
Animation_Fists.anm,a__FistsAnimation,AttackSpecialThief5SwapDiamondhead,11,124.5,63
Animation_Fists.anm,a__FistsAnimation,AttackSpecialThief5SwapDiamondhead,12,124.5,63
Animation_Fists.anm,a__FistsAnimation,AttackSpecialThief5SwapDiamondhead,13,124.5,63
Animation_Fists.anm,a__FistsAnimation,AttackSpecialThief5SwapDiamondhead,14,124.5,63
Animation_Fists.anm,a__FistsAnimation,AttackSpecialThief5SwapDiamondhead,15,124.5,63
Animation_Fists.anm,a__FistsAnimation,AttackSpecialThief5SwapDiamondhead,16,124.5,63
Animation_Fists.anm,a__FistsAnimation,AttackSpecialThief5SwapDiamondhead,17,124.5,63
Animation_Fists.anm,a__FistsAnimation,AttackSpecialThief5SwapDiamondhead,18,124.5,63
Animation_Fists.anm,a__FistsAnimation,AttackSpecialThief5SwapDiamondhead,19,124.5,63
Animation_Fists.anm,a__FistsAnimation,AttackSpecialThief5SwapDiamondhead,20,124.5,63
Animation_Fists.anm,a__FistsAnimation,AttackSpecialThief5SwapDiamondhead,21,124.5,63
Animation_Fists.anm,a__FistsAnimation,AttackSpecialThief5SwapDiamondhead,22,124.5,63
Animation_Fists.anm,a__FistsAnimation,AttackSpecialThief5SwapDiamondhead,23,124.5,63
Animation_Fists.anm,a__FistsAnimation,AttackSpecialThief5SwapDiamondhead,24,124.5,63
Animation_Fists.anm,a__FistsAnimation,AttackSpecialThief5SwapDiamondhead,25,124.5,63
Animation_Fists.anm,a__FistsAnimation,AttackSpecialThief5SwapDiamondhead,26,124.5,63
Animation_Fists.anm,a__FistsAnimation,AttackSpecialThief5SwapDiamondhead,27,124.5,63
Animation_Fists.anm,a__FistsAnimation,AttackSpecialThief5SwapDiamondhead,28,124.5,63
Animation_Fists.anm,a__FistsAnimation,AttackSpecialThief5SwapDiamondhead,29,124.5,63
Animation_Fists.anm,a__FistsAnimation,AttackSpecialThief5SwapDiamondhead,30,124.5,63
Animation_Fists.anm,a__FistsAnimation,AttackSpecialThief5SwapDiamondhead,31,124.5,63
Animation_Fists.anm,a__FistsAnimation,AttackSpecialThief5SwapDiamondhead,32,124.5,63
Animation_Fists.anm,a__FistsAnimation,AttackSpecialThief5SwapDiamondhead,33,124.5,63
Animation_Fists.anm,a__FistsAnimation,AttackSpecialThief5SwapDiamondhead,34,124.5,63
Animation_Fists.anm,a__FistsAnimation,AttackSpecialThief5SwapDiamondhead,35,124.5,63
Animation_Fists.anm,a__FistsAnimation,AttackSpecialThief5SwapDiamondhead,36,124.5,63
Animation_Fists.anm,a__FistsAnimation,AttackSpecialThief5SwapDiamondhead,37,124.5,63
Animation_Fists.anm,a__FistsAnimation,AttackSpecialThief5SwapDiamondhead,38,124.5,63
Animation_Fists.anm,a__FistsAnimation,AttackSpecialThief5SwapDiamondhead,39,124.5,63
Animation_Fists.anm,a__FistsAnimation,AttackSpecialThief5SwapDiamondhead,40,124.5,63
Animation_Fists.anm,a__FistsAnimation,AttackSpecialThief5SwapDiamondhead,41,124.5,63
Animation_Fists.anm,a__FistsAnimation,AttackSpecialThief5SwapDiamondhead,42,124.5,63
Animation_Fists.anm,a__FistsAnimation,AttackSpecialThief5SwapDiamondhead,43,124.5,63
Animation_Fists.anm,a__FistsAnimation,AttackSpecialThief5SwapDiamondhead,44,124.5,63
Animation_Fists.anm,a__FistsAnimation,AttackSpecialThief5HitSwapDiamondhead,0,-51.55,89
Animation_Fists.anm,a__FistsAnimation,AttackSpecialThief5HitSwapDiamondhead,1,-51.55,89
Animation_Fists.anm,a__FistsAnimation,AttackSpecialThief5HitSwapDiamondhead,2,-18.55,97.05
Animation_Fists.anm,a__FistsAnimation,AttackSpecialThief5HitSwapDiamondhead,3,14.5,89.05
Animation_Fists.anm,a__FistsAnimation,AttackSpecialThief5HitSwapDiamondhead,4,38.5,87.05
Animation_Fists.anm,a__FistsAnimation,AttackSpecialThief5HitSwapDiamondhead,5,74.5,66.05
Animation_Fists.anm,a__FistsAnimation,AttackSpecialThief5HitSwapDiamondhead,6,74.5,66.05
Animation_Fists.anm,a__FistsAnimation,AttackSpecialThief5HitSwapDiamondhead,7,179.55,72
Animation_Fists.anm,a__FistsAnimation,AttackSpecialThief5HitSwapDiamondhead,8,282.55,97
Animation_Fists.anm,a__FistsAnimation,AttackSpecialThief5HitSwapDiamondhead,9,314.55,103.05
Animation_Fists.anm,a__FistsAnimation,AttackSpecialThief5HitSwapDiamondhead,10,327.55,107
Animation_Fists.anm,a__FistsAnimation,AttackSpecialThief5HitSwapDiamondhead,11,337.55,110
Animation_Fists.anm,a__FistsAnimation,AttackSpecialThief5HitSwapDiamondhead,12,351.55,94
Animation_Fists.anm,a__FistsAnimation,AttackSpecialThief5HitSwapDiamondhead,13,362.6,89
Animation_Fists.anm,a__FistsAnimation,AttackSpecialGolem3SwapFourarms,32,125.9,-137.6
Animation_Fists.anm,a__FistsAnimation,AttackSpecialGolem3SwapFourarms,33,156.3,-301.85
Animation_Fists.anm,a__FistsAnimation,AttackSpecialGolem3SwapFourarms,34,90.95,-381.6
Animation_Fists.anm,a__FistsAnimation,AttackSpecialGolem3SwapFourarms,35,47.45,-390
Animation_Fists.anm,a__FistsAnimation,AttackSpecialGolem3SwapFourarms,36,47.45,-390
Animation_Fists.anm,a__FistsAnimation,AttackSpecialGolem3HitSwapFourarms,0,47.45,-390
Animation_Fists.anm,a__FistsAnimation,AttackSpecialGolem3HitSwapFourarms,1,170.1,-229.2
Animation_Fists.anm,a__FistsAnimation,AttackSpecialGolem3HitSwapFourarms,2,222.6,-105.75
Animation_Fists.anm,a__FistsAnimation,AttackSpecialGolem3HitSwapFourarms,3,226.8,-77.8
Animation_Fists.anm,a__FistsAnimation,AttackSpecialGolem3HitSwapFourarms,4,227.6,-68.45
Animation_Fists.anm,a__FistsAnimation,AttackSpecialGolem3HitSwapFourarms,5,227.6,-63
Animation_Fists.anm,a__FistsAnimation,AttackSpecialGolem3HitSwapFourarms,6,227.6,-58.35
Animation_Fists.anm,a__FistsAnimation,AttackSpecialRageFighter5HitSwapRyu,0,-124.85,-12.9
Animation_Fists.anm,a__FistsAnimation,AttackSpecialRageFighter5HitSwapRyu,1,-198.9,-48.95
Animation_Fists.anm,a__FistsAnimation,AttackSpecialRageFighter5HitSwapRyu,2,-226.5,-62.55
Animation_Fists.anm,a__FistsAnimation,AttackSpecialRageFighter5HitSwapRyu,3,-254.15,-76.15
Animation_Fists.anm,a__FistsAnimation,AttackSpecialRageFighter5HitSwapRyu,4,214.35,16.3
Animation_Fists.anm,a__FistsAnimation,AttackSpecialRageFighter5HitSwapRyu,5,186.7,2.7
Animation_Fists.anm,a__FistsAnimation,AttackSpecialRageFighter5HitSwapRyu,6,159.1,-10.9
Animation_Fists.anm,a__FistsAnimation,AttackSpecialRageFighter5Hit2SwapRyu,0,159.1,-10.9
Animation_Fists.anm,a__FistsAnimation,AttackSpecialRageFighter5Hit2SwapRyu,1,159.1,-10.9
Animation_Fists.anm,a__FistsAnimation,AttackSpecialRageFighter5Hit2SwapRyu,2,159.1,-10.9
Animation_Fists.anm,a__FistsAnimation,AttackSpecialRageFighter5Hit2SwapRyu,3,159.1,-10.9
Animation_Fists.anm,a__FistsAnimation,AttackSpecialRageFighter5Hit2SwapRyu,4,159.1,-10.9
Animation_Fists.anm,a__FistsAnimation,AttackSpecialRageFighter5Hit2SwapRyu,5,159.1,-10.9
Animation_Fists.anm,a__FistsAnimation,AttackSpecialRageFighter5Hit2SwapRyu,6,159.1,-10.9
Animation_Fists.anm,a__FistsAnimation,AttackSpecialRageFighter5Hit2SwapRyu,7,159.1,-10.9
Animation_Fists.anm,a__FistsAnimation,AttackSpecialRageFighter5HitSwapSFKen,0,-124.85,-12.9
Animation_Fists.anm,a__FistsAnimation,AttackSpecialRageFighter5HitSwapSFKen,1,-198.9,-48.95
Animation_Fists.anm,a__FistsAnimation,AttackSpecialRageFighter5HitSwapSFKen,2,-226.5,-62.55
Animation_Fists.anm,a__FistsAnimation,AttackSpecialRageFighter5HitSwapSFKen,3,-254.15,-76.15
Animation_Fists.anm,a__FistsAnimation,AttackSpecialRageFighter5HitSwapSFKen,4,214.35,16.3
Animation_Fists.anm,a__FistsAnimation,AttackSpecialRageFighter5HitSwapSFKen,5,186.7,2.7
Animation_Fists.anm,a__FistsAnimation,AttackSpecialRageFighter5HitSwapSFKen,6,159.1,-10.9
Animation_Fists.anm,a__FistsAnimation,AttackSpecialRageFighter5Hit2SwapSFKen,0,159.1,-10.9
Animation_Fists.anm,a__FistsAnimation,AttackSpecialRageFighter5Hit2SwapSFKen,1,159.1,-10.9
Animation_Fists.anm,a__FistsAnimation,AttackSpecialRageFighter5Hit2SwapSFKen,2,159.1,-10.9
Animation_Fists.anm,a__FistsAnimation,AttackSpecialRageFighter5Hit2SwapSFKen,3,159.1,-10.9
Animation_Fists.anm,a__FistsAnimation,AttackSpecialRageFighter5Hit2SwapSFKen,4,159.1,-10.9
Animation_Fists.anm,a__FistsAnimation,AttackSpecialRageFighter5Hit2SwapSFKen,5,159.1,-10.9
Animation_Fists.anm,a__FistsAnimation,AttackSpecialRageFighter5Hit2SwapSFKen,6,159.1,-10.9
Animation_Fists.anm,a__FistsAnimation,AttackSpecialRageFighter5Hit2SwapSFKen,7,159.1,-10.9
Animation_Fists.anm,a__FistsAnimation,AttackSpecialGolem2_SwapToph,0,235.95,-45.5
Animation_Fists.anm,a__FistsAnimation,AttackSpecialGolem2_SwapToph,1,235.95,-45.5
Animation_Fists.anm,a__FistsAnimation,AttackSpecialGolem2_SwapToph,2,235.95,-45.5
Animation_Fists.anm,a__FistsAnimation,AttackSpecialGolem2_SwapToph,3,235.95,-45.5
Animation_Fists.anm,a__FistsAnimation,AttackSpecialGolem2_SwapToph,4,235.95,-45.5
Animation_Fists.anm,a__FistsAnimation,AttackSpecialGolem2_SwapToph,5,235.95,-45.5
Animation_Fists.anm,a__FistsAnimation,AttackSpecialGolem2_SwapToph,6,235.95,-45.5
Animation_Fists.anm,a__FistsAnimation,AttackSpecialGolem2_SwapToph,7,235.95,-45.5
Animation_Fists.anm,a__FistsAnimation,AttackSpecialGolem2_SwapToph,8,235.95,-45.5
Animation_Fists.anm,a__FistsAnimation,AttackSpecialGolem2_SwapToph,9,235.95,-45.5
Animation_Fists.anm,a__FistsAnimation,AttackSpecialGolem2_SwapToph,10,235.95,-45.5
Animation_Fists.anm,a__FistsAnimation,AttackSpecialGolem2_SwapToph,11,235.95,-45.5
Animation_Fists.anm,a__FistsAnimation,AttackSpecialGolem2_SwapToph,12,235.95,-45.5
Animation_Fists.anm,a__FistsAnimation,AttackSpecialGolem2_SwapToph,13,235.95,-45.5
Animation_Fists.anm,a__FistsAnimation,AttackSpecialGolem2_SwapToph,14,235.95,-45.5
Animation_Fists.anm,a__FistsAnimation,AttackSpecialGolem2_SwapToph,15,235.95,-45.5
Animation_Fists.anm,a__FistsAnimation,AttackSpecialGolem2_SwapToph,16,235.95,-45.5
Animation_Fists.anm,a__FistsAnimation,AttackSpecialGolem2_SwapToph,17,235.95,-45.5
Animation_Fists.anm,a__FistsAnimation,AttackSpecialGolem2_SwapToph,18,235.95,-45.5
Animation_Fists.anm,a__FistsAnimation,AttackSpecialGolem2_SwapToph,19,235.95,-45.5
Animation_Fists.anm,a__FistsAnimation,AttackSpecialGolem2_SwapToph,20,235.95,-45.5
Animation_Fists.anm,a__FistsAnimation,AttackSpecialGolem2_SwapToph,21,235.95,-45.5
Animation_Fists.anm,a__FistsAnimation,AttackSpecialGolem2_SwapToph,22,235.95,-45.5
Animation_Fists.anm,a__FistsAnimation,AttackSpecialGolem2_SwapToph,23,235.95,-45.5
Animation_Fists.anm,a__FistsAnimation,AttackSpecialGolem2_SwapToph,24,235.95,-45.5
Animation_Fists.anm,a__FistsAnimation,AttackSpecialGolem2_SwapToph,25,235.95,-45.5
Animation_Fists.anm,a__FistsAnimation,AttackSpecialGolem2_SwapToph,26,235.95,-45.5
Animation_Fists.anm,a__FistsAnimation,AttackSpecialGolem2_SwapToph,27,235.95,-45.5
Animation_Fists.anm,a__FistsAnimation,AttackSpecialGolem2_SwapToph,28,235.95,-45.5
Animation_Fists.anm,a__FistsAnimation,AttackSpecialGolem2_SwapToph,29,235.95,-45.5
Animation_Fists.anm,a__FistsAnimation,AttackSpecialGolem2_SwapToph,30,235.95,-45.5
Animation_Fists.anm,a__FistsAnimation,AttackSpecialGolem2_SwapToph,31,235.95,-45.5
Animation_Fists.anm,a__FistsAnimation,AttackSpecialGolem2_SwapToph,32,235.95,-45.5
Animation_Fists.anm,a__FistsAnimation,AttackSpecialGolem2_SwapToph,33,235.95,-45.5
Animation_Fists.anm,a__FistsAnimation,AttackSpecialGolem2_SwapToph,34,301.95,-45.5
Animation_Fists.anm,a__FistsAnimation,AttackSpecialGolem2_SwapToph,35,301.95,-45.5
Animation_Fists.anm,a__FistsAnimation,AttackSpecialGolem2_SwapToph,36,301.95,-45.5
Animation_Fists.anm,a__FistsAnimation,AttackSpecialGolem2_SwapToph,37,301.95,-45.5
Animation_Fists.anm,a__FistsAnimation,AttackSpecialGolem2_SwapToph,38,301.95,-45.5
Animation_Fists.anm,a__FistsAnimation,AttackSpecialGolem2_SwapToph,39,301.95,-45.5
Animation_Fists.anm,a__FistsAnimation,AttackSpecialGolem2_SwapToph,40,301.95,-45.5
Animation_Fists.anm,a__FistsAnimation,AttackSpecialGolem2_SwapToph,41,301.95,-45.5
Animation_Fists.anm,a__FistsAnimation,AttackSpecialGolem2_SwapToph,42,301.95,-45.5
Animation_Fists.anm,a__FistsAnimation,AttackSpecialGolem2_SwapToph,43,301.95,-45.5
Animation_Fists.anm,a__FistsAnimation,AttackSpecialGolem2_SwapToph,44,301.95,-45.5
Animation_Fists.anm,a__FistsAnimation,AttackSpecialGolem2Hit_SwapToph,0,241.95,-47.5
Animation_Fists.anm,a__FistsAnimation,AttackSpecialGolem2Hit_SwapToph,1,194.85,-43.5
Animation_Fists.anm,a__FistsAnimation,AttackSpecialGolem2Hit_SwapToph,2,31.8,-53
Animation_Fists.anm,a__FistsAnimation,AttackSpecialGolem2Hit_SwapToph,3,-71.1,-47.5
Animation_Fists.anm,a__FistsAnimation,AttackSpecialGolem2Hit_SwapToph,4,-117.2,-42.5
Animation_Fists.anm,a__FistsAnimation,AttackSpecialGolem2Hit_SwapToph,5,-145.05,-31
Animation_Fists.anm,a__FistsAnimation,AttackSpecialGolem2Hit_SwapToph,6,-173.05,-23
Animation_Fists.anm,a__FistsAnimation,AttackSpecialGolem2Hit_SwapToph,7,-183.05,-12
Animation_Fists.anm,a__FistsAnimation,AttackSpecialGolem2Hit_SwapToph,8,-193.05,-7
Animation_Fists.anm,a__FistsAnimation,AttackSpecialGolem2Hit_SwapToph,9,-191.1,-4.45
Animation_Fists.anm,a__FistsAnimation,AttackSpecialGolem2Hit_SwapToph,10,-107.15,1.5
Animation_Fists.anm,a__FistsAnimation,AttackSpecialGolem2Hit_SwapToph,11,207,-25.55
Animation_Fists.anm,a__FistsAnimation,AttackSpecialGolem3_SwapToph,32,125.9,-137.6
Animation_Fists.anm,a__FistsAnimation,AttackSpecialGolem3_SwapToph,33,156.3,-301.85
Animation_Fists.anm,a__FistsAnimation,AttackSpecialGolem3_SwapToph,34,90.95,-381.6
Animation_Fists.anm,a__FistsAnimation,AttackSpecialGolem3_SwapToph,35,47.45,-390
Animation_Fists.anm,a__FistsAnimation,AttackSpecialGolem3_SwapToph,36,47.45,-390
Animation_Fists.anm,a__FistsAnimation,AttackSpecialGolem3Hit_SwapToph,0,47.45,-390
Animation_Fists.anm,a__FistsAnimation,AttackSpecialGolem3Hit_SwapToph,1,170.1,-229.2
Animation_Fists.anm,a__FistsAnimation,AttackSpecialGolem3Hit_SwapToph,2,222.6,-105.75
Animation_Fists.anm,a__FistsAnimation,AttackSpecialGolem3Hit_SwapToph,3,226.8,-77.8
Animation_Fists.anm,a__FistsAnimation,AttackSpecialGolem3Hit_SwapToph,4,227.6,-68.45
Animation_Fists.anm,a__FistsAnimation,AttackSpecialGolem3Hit_SwapToph,5,227.6,-63
Animation_Fists.anm,a__FistsAnimation,AttackSpecialGolem3Hit_SwapToph,6,227.6,-58.35
Animation_Fists.anm,a__FistsAnimation,AttackSpecialLuchador02,31,167.5,-141
Animation_Fists.anm,a__FistsAnimation,AttackSpecialLuchador02,32,199.5,-65.95
Animation_Fists.anm,a__FistsAnimation,AttackSpecialLuchador02,33,207.5,-20.95
Animation_Fists.anm,a__FistsAnimation,AttackSpecialLuchador02Hit,0,176.5,16.05
Animation_Fists.anm,a__FistsAnimation,AttackSpecialLuchador02Hit,1,113.45,6.05
Animation_Fists.anm,a__FistsAnimation,AttackSpecialLuchador02Hit,2,95.45,-4.95
Animation_Fists.anm,a__FistsAnimation,AttackSpecialLuchador02Hit,3,-77.55,-4.95
Animation_Fists.anm,a__FistsAnimation,AttackSpecialLuchador02Hit,4,-106.55,6.05
Animation_Fists.anm,a__FistsAnimation,AttackSpecialLuchador02Hit,5,57.45,-0.95
Animation_Fists.anm,a__FistsAnimation,AttackSpecialLuchador02Hit,6,95.45,-4.95
Animation_Fists.anm,a__FistsAnimation,AttackSpecialLuchador02Hit,7,-77.55,-4.95
Animation_Fists.anm,a__FistsAnimation,AttackSpecialLuchador02Hit,8,-106.55,6.05
Animation_Fists.anm,a__FistsAnimation,AttackSpecialLuchador02Hit,9,57.45,-0.95
Animation_Fists.anm,a__FistsAnimation,AttackSpecialLuchador02Hit,10,95.45,-4.95
Animation_Fists.anm,a__FistsAnimation,AttackSpecialLuchador02Hit,11,-77.55,-4.95
Animation_Fists.anm,a__FistsAnimation,AttackSpecialLuchador02Hit,12,-106.55,6.05
Animation_Fists.anm,a__FistsAnimation,AttackSpecialLuchador02Hit,13,86.45,-42.45
Animation_Fists.anm,a__FistsAnimation,AttackSpecialLuchador02Hit,14,50.45,-86.95
Animation_Fists.anm,a__FistsAnimation,AttackSpecialLuchador02Hit,15,50.95,-96.45
Animation_Fists.anm,a__FistsAnimation,AttackSpecialLuchador02Hit,16,109.45,104
Animation_Fists.anm,a__FistsAnimation,AttackSpecialLuchador02HitGround,0,102.45,-3.95
Animation_Fists.anm,a__FistsAnimation,AttackSpecialLuchador01,34,170.45,-4.95
Animation_Fists.anm,a__FistsAnimation,AttackSpecialLuchador01,35,260.45,-4.95
Animation_Fists.anm,a__FistsAnimation,AttackSpecialLuchador01,36,260.45,-4.95
Animation_Fists.anm,a__FistsAnimation,AttackSpecialLuchador01,37,230.45,0
Animation_Fists.anm,a__FistsAnimation,AttackSpecialLuchador01Hit,0,170.45,0
Animation_Fists.anm,a__FistsAnimation,AttackSpecialLuchador01Hit,1,144.45,-20.5
Animation_Fists.anm,a__FistsAnimation,AttackSpecialLuchador01Hit,2,51.95,-53.5
Animation_Fists.anm,a__FistsAnimation,AttackSpecialLuchador01Hit,3,-24.55,-38
Animation_Fists.anm,a__FistsAnimation,AttackSpecialLuchador01Hit,4,-76.05,-24.5
Animation_Fists.anm,a__FistsAnimation,AttackSpecialLuchador01Hit,5,-54.55,-15
Animation_Fists.anm,a__FistsAnimation,AttackSpecialLuchador01Hit,6,70.45,-20
Animation_Fists.anm,a__FistsAnimation,AttackSpecialLuchador01Hit,7,135.45,-45
Animation_Fists.anm,a__FistsAnimation,AttackSpecialLuchador01Hit,8,-24.55,-38
Animation_Fists.anm,a__FistsAnimation,AttackSpecialLuchador01Hit,9,-54.55,-20
Animation_Fists.anm,a__FistsAnimation,AttackSpecialLuchador01Hit,10,-76.05,-24.5
Animation_Fists.anm,a__FistsAnimation,AttackSpecialLuchador01HitRelease,0,-129.55,-5
Animation_Fists.anm,a__FistsAnimation,AttackSpecialLuchador01HitRelease,1,-99.55,-5
Animation_Fists.anm,a__FistsAnimation,AttackSpecialLuchador01HitRelease,2,150.45,-15
Animation_Fists.anm,a__FistsAnimation,AttackSpecialLuchador01HitReleaseFlip,0,-96.55,-25
Animation_Fists.anm,a__FistsAnimation,AttackSpecialLuchador01HitReleaseFlip,1,-86.55,-45
Animation_Fists.anm,a__FistsAnimation,AttackSpecialLuchador01HitReleaseFlip,2,150.45,-15
Animation_Fists.anm,a__FistsAnimation,AttackSpecialWerewolf06_SwapEpicMordex,36,152.75,-37.95
Animation_Fists.anm,a__FistsAnimation,AttackSpecialWerewolf06_SwapEpicMordex,37,176.3,-19.05
Animation_Fists.anm,a__FistsAnimation,AttackSpecialWerewolf06_SwapEpicMordex,38,183.8,14.1
Animation_Fists.anm,a__FistsAnimation,AttackSpecialWerewolf06Active_SwapEpicMordex,0,183.8,14.1
Animation_Fists.anm,a__FistsAnimation,AttackSpecialWerewolf06Active_SwapEpicMordex,1,137.5,12.95
Animation_Fists.anm,a__FistsAnimation,AttackSpecialWerewolf06Active_SwapEpicMordex,2,104.6,-10.45
Animation_Fists.anm,a__FistsAnimation,AttackSpecialWerewolf06Active_SwapEpicMordex,3,43.05,12.55
Animation_Fists.anm,a__FistsAnimation,AttackSpecialWerewolf06Active_SwapEpicMordex,4,43.05,12.55
Animation_Fists.anm,a__FistsAnimation,AttackSpecialWerewolf06Active_SwapEpicMordex,5,8.15,11.6
Animation_Fists.anm,a__FistsAnimation,AttackSpecialWerewolf06Active_SwapEpicMordex,6,-68.1,12.65
Animation_Fists.anm,a__FistsAnimation,AttackSpecialWerewolf06Active_SwapEpicMordex,7,-65.2,3.2
Animation_Fists.anm,a__FistsAnimation,AttackSpecialWerewolf06Active_SwapEpicMordex,8,-62.45,-9.85
Animation_Fists.anm,a__FistsAnimation,AttackSpecialWerewolf06Active_SwapEpicMordex,9,-58.8,-10.5
Animation_Fists.anm,a__FistsAnimation,AttackSpecialWerewolf06Active_SwapEpicMordex,10,-68.95,-38.05
Animation_Fists.anm,a__FistsAnimation,AttackSpecialWerewolf06Active_SwapEpicMordex,11,-58.65,-95.45
Animation_Fists.anm,a__FistsAnimation,AttackSpecialWerewolf06Active_SwapEpicMordex,12,-58.55,-102.5
Animation_Fists.anm,a__FistsAnimation,AttackSpecialWerewolf06Active_SwapEpicMordex,13,187.85,109.35
Animation_Fists.anm,a__FistsAnimation,AttackSpecialWerewolf06Hit_SwapEpicMordex,0,183.8,14.1
Animation_Fists.anm,a__FistsAnimation,AttackSpecialWerewolf06Hit_SwapEpicMordex,1,110.95,48
Animation_Fists.anm,a__FistsAnimation,AttackSpecialWerewolf06Hit_SwapEpicMordex,2,45.45,70.45
Animation_Fists.anm,a__FistsAnimation,AttackSpecialWerewolf06Hit_SwapEpicMordex,3,-7.45,65.1
Animation_Fists.anm,a__FistsAnimation,AttackSpecialWerewolf06Hit_SwapEpicMordex,4,-77.05,43.1
Animation_Fists.anm,a__FistsAnimation,AttackSpecialWerewolf06Hit_SwapEpicMordex,5,-96.65,-5.05
Animation_Fists.anm,a__FistsAnimation,AttackSpecialWerewolf06Hit_SwapEpicMordex,6,-96.5,16.1
Animation_Fists.anm,a__FistsAnimation,AttackSpecialWerewolf06Hit_SwapEpicMordex,7,-71.6,26.75
Animation_Fists.anm,a__FistsAnimation,AttackSpecialWerewolf06Hit_SwapEpicMordex,8,-68.55,23.55
Animation_Fists.anm,a__FistsAnimation,AttackSpecialWerewolf06Hit_SwapEpicMordex,9,-26.45,14.15
Animation_Fists.anm,a__FistsAnimation,AttackSpecialWerewolf06Hit_SwapEpicMordex,10,102.7,-155.85
Animation_Fists.anm,a__FistsAnimation,AttackSpecialWerewolf06HitGround_SwapEpicMordex,0,183.8,14.1
Animation_Fists.anm,a__FistsAnimation,AttackSpecialWerewolf06HitGround_SwapEpicMordex,1,137.5,12.95
Animation_Fists.anm,a__FistsAnimation,AttackSpecialWerewolf06HitGround_SwapEpicMordex,2,104.6,-10.45
Animation_Fists.anm,a__FistsAnimation,AttackSpecialWerewolf06HitGround_SwapEpicMordex,3,34.85,12.6
Animation_Fists.anm,a__FistsAnimation,AttackSpecialWerewolf06HitGround_SwapEpicMordex,4,14.65,13.15
Animation_Fists.anm,a__FistsAnimation,AttackSpecialWerewolf06HitGround_SwapEpicMordex,5,-62.1,12.8
Animation_Fists.anm,a__FistsAnimation,AttackSpecialWerewolf06HitGround_SwapEpicMordex,6,-62.05,13.4
Animation_Fists.anm,a__FistsAnimation,AttackSpecialWerewolf06HitGround_SwapEpicMordex,7,-38.95,12.15
Animation_Fists.anm,a__FistsAnimation,AttackSpecialWerewolf06HitGround_SwapEpicMordex,8,-26.55,12.8
Animation_Fists.anm,a__FistsAnimation,AttackSpecialWerewolf06HitGround_SwapEpicMordex,9,28.8,-12.75
Animation_Fists.anm,a__FistsAnimation,AttackSpecialWerewolf06HitGround_SwapEpicMordex,10,117.45,-155.85
Animation_Fists.anm,a__FistsAnimation,AttackSpecialCelestial10_SwapDevilJin,35,132.95,-158.3
Animation_Fists.anm,a__FistsAnimation,AttackSpecialCelestial10_SwapDevilJin,36,117.7,-210.7
Animation_Fists.anm,a__FistsAnimation,AttackSpecialCelestial10_SwapDevilJin,37,74.35,-246.2
Animation_Fists.anm,a__FistsAnimation,AttackSpecialCelestial10_SwapDevilJin,38,55.55,-251.8
Animation_Fists.anm,a__FistsAnimation,AttackSpecialCelestial10_SwapDevilJin,39,13.15,-251
Animation_Fists.anm,a__FistsAnimation,AttackSpecialCelestial10Hit_SwapDevilJin,0,13.15,-251
Animation_Fists.anm,a__FistsAnimation,AttackSpecialCelestial10Hit_SwapDevilJin,1,-36.5,-221.95
Animation_Fists.anm,a__FistsAnimation,AttackSpecialCelestial10Hit_SwapDevilJin,2,-92.45,-187.3
Animation_Fists.anm,a__FistsAnimation,AttackSpecialCelestial10Hit_SwapDevilJin,3,-92.45,-187.3
Animation_Fists.anm,a__FistsAnimation,AttackSpecialCelestial10Hit_SwapDevilJin,4,-92.45,-187.3
Animation_Fists.anm,a__FistsAnimation,AttackSpecialCelestial10Hit_SwapDevilJin,5,-85.35,-178.55
Animation_Fists.anm,a__FistsAnimation,AttackSpecialCelestial10Hit_SwapDevilJin,6,-77.4,-158.9
Animation_Fists.anm,a__FistsAnimation,AttackSpecialCelestial10Hit_SwapDevilJin,7,-60.4,-136.25
Animation_Fists.anm,a__FistsAnimation,AttackSpecialCelestial10Hit_SwapDevilJin,8,-50.4,-41.7
Animation_Fists.anm,a__FistsAnimation,AttackSpecialCelestial10Hit_SwapDevilJin,9,-7.15,-8.3
Animation_Fists.anm,a__FistsAnimation,AttackSpecialCelestial10Hit_SwapDevilJin,10,-7.15,-8.3
Animation_Fists.anm,a__FistsAnimation,AttackSpecialCelestial10Hit_SwapDevilJin,11,-7.15,-8.3
Animation_Fists.anm,a__FistsAnimation,AttackSpecialCelestial10Hit_SwapDevilJin,12,42.35,-25.3
Animation_Fists.anm,a__FistsAnimation,AttackSpecialCelestial3Ground_SwapDevilJin,32,228.05,-10.55
Animation_Fists.anm,a__FistsAnimation,AttackSpecialCelestial3Ground_SwapDevilJin,33,269.6,-13.1
Animation_Fists.anm,a__FistsAnimation,AttackSpecialCelestial3Ground_SwapDevilJin,34,295.05,-22.8
Animation_Fists.anm,a__FistsAnimation,AttackSpecialCelestial3Ground_SwapDevilJin,35,313.25,-29.7
Animation_Fists.anm,a__FistsAnimation,AttackSpecialCelestial3Ground_SwapDevilJin,36,324.15,-33.85
Animation_Fists.anm,a__FistsAnimation,AttackSpecialCelestial3Ground_SwapDevilJin,37,327.8,-35.25
Animation_Fists.anm,a__FistsAnimation,AttackSpecialCelestial3Ground_SwapDevilJin,38,327.8,-35.25
Animation_Fists.anm,a__FistsAnimation,AttackSpecialCelestial3Ground_SwapDevilJin,39,327.8,-35.25
Animation_Fists.anm,a__FistsAnimation,AttackSpecialCelestial3_SwapDevilJin,32,228.05,-10.55
Animation_Fists.anm,a__FistsAnimation,AttackSpecialCelestial3_SwapDevilJin,33,269.6,-13.1
Animation_Fists.anm,a__FistsAnimation,AttackSpecialCelestial3_SwapDevilJin,34,295.05,-22.8
Animation_Fists.anm,a__FistsAnimation,AttackSpecialCelestial3_SwapDevilJin,35,313.25,-29.7
Animation_Fists.anm,a__FistsAnimation,AttackSpecialCelestial3_SwapDevilJin,36,324.15,-33.85
Animation_Fists.anm,a__FistsAnimation,AttackSpecialCelestial3_SwapDevilJin,37,327.8,-35.25
Animation_Fists.anm,a__FistsAnimation,AttackSpecialCelestial3_SwapDevilJin,38,327.8,-35.25
Animation_Fists.anm,a__FistsAnimation,AttackSpecialCelestial3_SwapDevilJin,39,327.8,-35.25
Animation_Fists.anm,a__FistsAnimation,AttackAir_SwapSpongebob,0,-1.5,-158.85
Animation_Fists.anm,a__FistsAnimation,AttackAir_SwapSpongebob,1,-1.5,-158.85
Animation_Fists.anm,a__FistsAnimation,AttackAir_SwapSpongebob,2,-1.5,-158.85
Animation_Fists.anm,a__FistsAnimation,AttackAir_SwapSpongebob,3,-1.5,-158.85
Animation_Fists.anm,a__FistsAnimation,AttackAir_SwapSpongebob,4,-1.5,-158.85
Animation_Fists.anm,a__FistsAnimation,AttackAir_SwapSpongebob,5,-1.5,-158.85
Animation_Fists.anm,a__FistsAnimation,AttackAir_SwapSpongebob,6,-1.5,-158.85
Animation_Fists.anm,a__FistsAnimation,AttackAir_SwapSpongebob,7,-1.5,-158.85
Animation_Fists.anm,a__FistsAnimation,AttackAir_SwapSpongebob,8,-1.5,-158.85
Animation_Fists.anm,a__FistsAnimation,AttackAir_SwapSpongebob,9,-1.5,-158.85
Animation_Fists.anm,a__FistsAnimation,AttackAir_SwapSpongebob,10,-1.5,-158.85
Animation_Fists.anm,a__FistsAnimation,AttackAirHit_SwapSpongebob,0,-1.5,-151.85
Animation_Fists.anm,a__FistsAnimation,AttackAirHit_SwapSpongebob,1,-1.5,-151.85
Animation_Fists.anm,a__FistsAnimation,AttackAirHit_SwapSpongebob,2,-5.5,-151.85
Animation_Fists.anm,a__FistsAnimation,AttackAirHit_SwapSpongebob,3,-12.5,-151.85
Animation_Fists.anm,a__FistsAnimation,AttackAirHit_SwapSpongebob,4,-14.5,-151.85
Animation_Fists.anm,a__FistsAnimation,AttackAirHit_SwapSpongebob,5,-17.5,-150.85
Animation_Fists.anm,a__FistsAnimation,AttackAirHit_SwapSpongebob,6,45.5,-129.85
Animation_Fists.anm,a__FistsAnimation,AttackAirHit_SwapSpongebob,7,137.5,76.2
Animation_Fists.anm,a__FistsAnimation,AttackAir_SwapMythicWuShang,0,-1.5,-158.85
Animation_Fists.anm,a__FistsAnimation,AttackAir_SwapMythicWuShang,1,-1.5,-158.85
Animation_Fists.anm,a__FistsAnimation,AttackAir_SwapMythicWuShang,2,-1.5,-158.85
Animation_Fists.anm,a__FistsAnimation,AttackAir_SwapMythicWuShang,3,-1.5,-158.85
Animation_Fists.anm,a__FistsAnimation,AttackAir_SwapMythicWuShang,4,-1.5,-158.85
Animation_Fists.anm,a__FistsAnimation,AttackAir_SwapMythicWuShang,5,-1.5,-158.85
Animation_Fists.anm,a__FistsAnimation,AttackAir_SwapMythicWuShang,6,-1.5,-158.85
Animation_Fists.anm,a__FistsAnimation,AttackAir_SwapMythicWuShang,7,-1.5,-158.85
Animation_Fists.anm,a__FistsAnimation,AttackAir_SwapMythicWuShang,8,-1.5,-158.85
Animation_Fists.anm,a__FistsAnimation,AttackAir_SwapMythicWuShang,9,-1.5,-158.85
Animation_Fists.anm,a__FistsAnimation,AttackAir_SwapMythicWuShang,10,-1.5,-158.85
Animation_Fists.anm,a__FistsAnimation,AttackAirHit_SwapMythicWuShang,0,-1.5,-151.85
Animation_Fists.anm,a__FistsAnimation,AttackAirHit_SwapMythicWuShang,1,-1.5,-151.85
Animation_Fists.anm,a__FistsAnimation,AttackAirHit_SwapMythicWuShang,2,-5.5,-151.85
Animation_Fists.anm,a__FistsAnimation,AttackAirHit_SwapMythicWuShang,3,-12.5,-151.85
Animation_Fists.anm,a__FistsAnimation,AttackAirHit_SwapMythicWuShang,4,-14.5,-151.85
Animation_Fists.anm,a__FistsAnimation,AttackAirHit_SwapMythicWuShang,5,-17.5,-150.85
Animation_Fists.anm,a__FistsAnimation,AttackAirHit_SwapMythicWuShang,6,45.5,-129.85
Animation_Fists.anm,a__FistsAnimation,AttackAirHit_SwapMythicWuShang,7,137.5,76.2
Animation_GreatSword.anm,a__GreatSwordAnimation,AttackSpecialShark7,34,114.75,-115.75
Animation_GreatSword.anm,a__GreatSwordAnimation,AttackSpecialShark7,35,114.75,-115.75
Animation_GreatSword.anm,a__GreatSwordAnimation,AttackSpecialShark7,36,147.75,-79.75
Animation_GreatSword.anm,a__GreatSwordAnimation,AttackSpecialShark7Hit,0,137.25,-55.45
Animation_GreatSword.anm,a__GreatSwordAnimation,AttackSpecialShark7Hit,1,103.3,-19.95
Animation_GreatSword.anm,a__GreatSwordAnimation,AttackSpecialShark7Hit,2,97.15,25.55
Animation_GreatSword.anm,a__GreatSwordAnimation,AttackSpecialShark7Hit,3,64.75,90.65
Animation_GreatSword.anm,a__GreatSwordAnimation,AttackSpecialShark7Hit,4,-29.8,118.05
Animation_GreatSword.anm,a__GreatSwordAnimation,AttackSpecialShark7Hit,5,-77.8,97.6
Animation_GreatSword.anm,a__GreatSwordAnimation,AttackSpecialShark7Hit,6,-102.8,45.6
Animation_GreatSword.anm,a__GreatSwordAnimation,AttackSpecialShark7Hit,7,-57.75,-92.75
Animation_GreatSword.anm,a__GreatSwordAnimation,AttackSpecialShark7Hit,8,78.35,-145.25
Animation_GreatSword.anm,a__GreatSwordAnimation,AttackSpecialShark7Hit,9,114.25,-129.5
Animation_GreatSword.anm,a__GreatSwordAnimation,AttackSpecialShark7Hit,10,152.25,-98.4
Animation_GreatSword.anm,a__GreatSwordAnimation,AttackSpecialShark7_SwapGrievous,34,114.75,-115.75
Animation_GreatSword.anm,a__GreatSwordAnimation,AttackSpecialShark7_SwapGrievous,35,114.75,-115.75
Animation_GreatSword.anm,a__GreatSwordAnimation,AttackSpecialShark7_SwapGrievous,36,147.75,-79.75
Animation_GreatSword.anm,a__GreatSwordAnimation,AttackSpecialShark7Hit_SwapGrievous,0,137.25,-55.45
Animation_GreatSword.anm,a__GreatSwordAnimation,AttackSpecialShark7Hit_SwapGrievous,1,103.3,-19.95
Animation_GreatSword.anm,a__GreatSwordAnimation,AttackSpecialShark7Hit_SwapGrievous,2,97.15,25.55
Animation_GreatSword.anm,a__GreatSwordAnimation,AttackSpecialShark7Hit_SwapGrievous,3,64.75,90.65
Animation_GreatSword.anm,a__GreatSwordAnimation,AttackSpecialShark7Hit_SwapGrievous,4,-29.8,118.05
Animation_GreatSword.anm,a__GreatSwordAnimation,AttackSpecialShark7Hit_SwapGrievous,5,-77.8,97.6
Animation_GreatSword.anm,a__GreatSwordAnimation,AttackSpecialShark7Hit_SwapGrievous,6,-102.8,45.6
Animation_GreatSword.anm,a__GreatSwordAnimation,AttackSpecialShark7Hit_SwapGrievous,7,-57.75,-92.75
Animation_GreatSword.anm,a__GreatSwordAnimation,AttackSpecialShark7Hit_SwapGrievous,8,78.35,-145.25
Animation_GreatSword.anm,a__GreatSwordAnimation,AttackSpecialShark7Hit_SwapGrievous,9,114.25,-129.5
Animation_GreatSword.anm,a__GreatSwordAnimation,AttackSpecialShark7Hit_SwapGrievous,10,152.25,-98.4
Animation_Hammer.anm,a__HammerAnimation,AttackAirDown,3,23.35,96.35
Animation_Hammer.anm,a__HammerAnimation,AttackAirDown,4,23.35,96.35
Animation_Hammer.anm,a__HammerAnimation,AttackAirDown,5,23.35,96.35
Animation_Hammer.anm,a__HammerAnimation,AttackAirDown,6,23.35,96.35
Animation_Hammer.anm,a__HammerAnimation,AttackAirDown,7,23.35,96.35
Animation_Hammer.anm,a__HammerAnimation,AttackAirDown,8,23.35,96.35
Animation_Hammer.anm,a__HammerAnimation,AttackAirDown,9,23.35,96.35
Animation_Hammer.anm,a__HammerAnimation,AttackAirDown,10,23.35,96.35
Animation_Hammer.anm,a__HammerAnimation,AttackAirUpHit,0,-21.05,-284.6
Animation_Hammer.anm,a__HammerAnimation,AttackAirUpHit,1,-21.05,-284.6
Animation_Hammer.anm,a__HammerAnimation,AttackAirUpHit,2,-21.05,-284.6
Animation_Hammer.anm,a__HammerAnimation,AttackAirUpHit,3,-21.05,-284.6
Animation_Hammer.anm,a__HammerAnimation,AttackAirUpHit,4,-21.05,-284.6
Animation_Hammer.anm,a__HammerAnimation,AttackAirUpHit,5,-21.05,-280.95
Animation_Hammer.anm,a__HammerAnimation,AttackAirUpHit,6,-21.05,-280.95
Animation_Hammer.anm,a__HammerAnimation,AttackAirUpHit,7,48.95,98.5
Animation_Hammer.anm,a__HammerAnimation,AttackAirUpHit,8,48.95,98.5
Animation_Hammer.anm,a__HammerAnimation,AttackAirUpHit,9,48.95,98.5
Animation_Hammer.anm,a__HammerAnimation,AttackAirDownHit,0,23.35,96.35
Animation_Hammer.anm,a__HammerAnimation,AttackAirDownHit,1,23.35,96.35
Animation_Hammer.anm,a__HammerAnimation,AttackAirDownHit,2,125.8,32.3
Animation_Hammer.anm,a__HammerAnimation,AttackAirDownHit,3,168.25,-52.95
Animation_Hammer.anm,a__HammerAnimation,AttackAirDownHit,4,168.25,-52.95
Animation_Hammer.anm,a__HammerAnimation,AttackAirDownHit,5,130.5,-353.85
Animation_Hammer.anm,a__HammerAnimation,AttackAirDownHit,6,130.5,-353.85
Animation_Hammer.anm,a__HammerAnimation,AttackAirDownHit,7,130.5,-353.85
Animation_Hammer.anm,a__HammerAnimation,AttackSpecialCowgirl,0,35.5,-45.25
Animation_Hammer.anm,a__HammerAnimation,AttackSpecialCowgirl,1,35.5,-45.25
Animation_Hammer.anm,a__HammerAnimation,AttackSpecialCowgirl,2,35.5,-45.25
Animation_Hammer.anm,a__HammerAnimation,AttackSpecialCowgirl,3,35.5,-45.25
Animation_Hammer.anm,a__HammerAnimation,AttackSpecialCowgirl,4,35.5,-45.25
Animation_Hammer.anm,a__HammerAnimation,AttackSpecialCowgirl,5,35.5,-45.25
Animation_Hammer.anm,a__HammerAnimation,AttackSpecialCowgirl,6,35.5,-45.25
Animation_Hammer.anm,a__HammerAnimation,AttackSpecialCowgirl,7,35.5,-45.25
Animation_Hammer.anm,a__HammerAnimation,AttackSpecialCowgirl,8,35.5,-45.25
Animation_Hammer.anm,a__HammerAnimation,AttackSpecialCowgirl,9,45.5,-93.3
Animation_Hammer.anm,a__HammerAnimation,AttackSpecialCowgirl,10,113.5,-183.4
Animation_Hammer.anm,a__HammerAnimation,AttackSpecialCowgirl,11,151.5,-219.4
Animation_Hammer.anm,a__HammerAnimation,AttackSpecialCowgirl,12,207.55,-247.4
Animation_Hammer.anm,a__HammerAnimation,AttackSpecialCowgirl,13,239.55,-243.4
Animation_Hammer.anm,a__HammerAnimation,AttackSpecialCowgirlHit,0,239.55,-243.4
Animation_Hammer.anm,a__HammerAnimation,AttackSpecialCowgirlHit,1,239.55,-237.4
Animation_Hammer.anm,a__HammerAnimation,AttackSpecialCowgirlHit,2,239.55,-237.4
Animation_Hammer.anm,a__HammerAnimation,AttackSpecialCowgirlHit,3,245.3,-203.1
Animation_Hammer.anm,a__HammerAnimation,AttackSpecialCowgirlHit,4,198.3,-74.05
Animation_Hammer.anm,a__HammerAnimation,AttackSpecialCowgirlHit,5,52.2,-4
Animation_Hammer.anm,a__HammerAnimation,AttackSpecialCowgirlHit,6,64.2,-4
Animation_Hammer.anm,a__HammerAnimation,AttackSpecialCowgirlHit,7,64.2,-4
Animation_Hammer.anm,a__HammerAnimation,AttackSpecialCowgirlHit,8,70.1,-3.9
Animation_Hammer.anm,a__HammerAnimation,AttackSpecialCowgirlHit,9,70.1,-3.9
Animation_Hammer.anm,a__HammerAnimation,AttackSpecialCowgirlHit,10,70.1,-3.9
Animation_Hammer.anm,a__HammerAnimation,AttackSpecialCowgirlHit,11,165.1,-42.9
Animation_Hammer.anm,a__HammerAnimation,AttackSpecialCowgirlHit,12,257.1,-116.9
Animation_Hammer.anm,a__HammerAnimation,AttackSpecialCowgirlHit,13,355.15,-188.95
Animation_Hammer.anm,a__HammerAnimation,AttackSpecialViking2,32,361.2,-8.35
Animation_Hammer.anm,a__HammerAnimation,AttackSpecialViking2,33,456.85,-8.35
Animation_Hammer.anm,a__HammerAnimation,AttackSpecialViking2,34,456.85,-8.35
Animation_Hammer.anm,a__HammerAnimation,AttackSpecialViking2,35,456.85,-8.35
Animation_Hammer.anm,a__HammerAnimation,AttackSpecialViking2,36,456.85,-8.35
Animation_Hammer.anm,a__HammerAnimation,AttackSpecialViking2Hit,0,-429.4,-10.85
Animation_Hammer.anm,a__HammerAnimation,AttackSpecialViking2Hit,1,-388.4,-10.85
Animation_Hammer.anm,a__HammerAnimation,AttackSpecialViking2Hit,2,-361.4,-10.85
Animation_Hammer.anm,a__HammerAnimation,AttackSpecialViking2Hit,3,-320.4,-5.85
Animation_Hammer.anm,a__HammerAnimation,AttackSpecialViking2Hit,4,-137.65,-8.9
Animation_Hammer.anm,a__HammerAnimation,AttackSpecialViking2Hit,5,119.05,-34.95
Animation_Hammer.anm,a__HammerAnimation,AttackSpecialSteampunkHit,0,-268.75,-79.6
Animation_Hammer.anm,a__HammerAnimation,AttackSpecialSteampunkHit,1,-257.1,-101.75
Animation_Hammer.anm,a__HammerAnimation,AttackSpecialSteampunkHit,2,166.45,-79.45
Animation_Hammer.anm,a__HammerAnimation,AttackSpecialSteampunkHit,3,181.8,-64.4
Animation_Hammer.anm,a__HammerAnimation,AttackSpecialSteampunkHit,4,178.3,-52.9
Animation_Hammer.anm,a__HammerAnimation,AttackSpecialSteampunkHit,5,-268.7,-90.75
Animation_Hammer.anm,a__HammerAnimation,AttackSpecialSteampunkHit,6,-268.7,-90.75
Animation_Hammer.anm,a__HammerAnimation,AttackSpecialSteampunkHit,7,-254.75,-122.9
Animation_Hammer.anm,a__HammerAnimation,AttackSpecialSteampunkHit,8,151.45,-187.85
Animation_Hammer.anm,a__HammerAnimation,AttackSpecialSteampunkHit,9,151.45,-187.85
Animation_Hammer.anm,a__HammerAnimation,AttackSpecialMinotaur3,32,275.8,-214.8
Animation_Hammer.anm,a__HammerAnimation,AttackSpecialMinotaur3,33,284.55,-220.05
Animation_Hammer.anm,a__HammerAnimation,AttackSpecialMinotaur3,34,292.65,-225.9
Animation_Hammer.anm,a__HammerAnimation,AttackSpecialMinotaur3,35,292.65,-225.9
Animation_Hammer.anm,a__HammerAnimation,AttackSpecialMinotaur3,36,292.65,-225.9
Animation_Hammer.anm,a__HammerAnimation,AttackSpecialMinotaur3Hit,0,-289.1,-225.9
Animation_Hammer.anm,a__HammerAnimation,AttackSpecialMinotaur3Hit,1,-289.1,-225.9
Animation_Hammer.anm,a__HammerAnimation,AttackSpecialMinotaur3Hit,2,-250.35,-186.8
Animation_Hammer.anm,a__HammerAnimation,AttackSpecialMinotaur3Hit,3,-250.35,-186.8
Animation_Hammer.anm,a__HammerAnimation,AttackSpecialMinotaur3Hit,4,-244.75,-179.75
Animation_Hammer.anm,a__HammerAnimation,AttackSpecialMinotaur3Hit,5,-244.75,-179.75
Animation_Hammer.anm,a__HammerAnimation,AttackSpecialMinotaur3Hit,6,-191.4,-169.6
Animation_Hammer.anm,a__HammerAnimation,AttackSpecialMinotaur3Hit,7,284.6,-25.3
Animation_Hammer.anm,a__HammerAnimation,AttackSpecialMinotaur3Hit,8,284.6,-25.3
Animation_Hammer.anm,a__HammerAnimation,AttackSpecialNinetails1,0,64.15,-143.5
Animation_Hammer.anm,a__HammerAnimation,AttackSpecialNinetails1,1,64.15,-143.5
Animation_Hammer.anm,a__HammerAnimation,AttackSpecialNinetails1,2,64.15,-143.5
Animation_Hammer.anm,a__HammerAnimation,AttackSpecialNinetails1,3,64.15,-143.5
Animation_Hammer.anm,a__HammerAnimation,AttackSpecialNinetails1,4,64.15,-143.5
Animation_Hammer.anm,a__HammerAnimation,AttackSpecialNinetails1,5,64.15,-143.5
Animation_Hammer.anm,a__HammerAnimation,AttackSpecialNinetails1,6,64.15,-143.5
Animation_Hammer.anm,a__HammerAnimation,AttackSpecialNinetails1,7,64.15,-143.5
Animation_Hammer.anm,a__HammerAnimation,AttackSpecialNinetails1,8,64.15,-143.5
Animation_Hammer.anm,a__HammerAnimation,AttackSpecialNinetails1,9,64.15,-143.5
Animation_Hammer.anm,a__HammerAnimation,AttackSpecialNinetails1,10,64.15,-143.5
Animation_Hammer.anm,a__HammerAnimation,AttackSpecialNinetails1,11,64.15,-143.5
Animation_Hammer.anm,a__HammerAnimation,AttackSpecialNinetails1,12,64.15,-143.5
Animation_Hammer.anm,a__HammerAnimation,AttackSpecialNinetails1,13,64.15,-143.5
Animation_Hammer.anm,a__HammerAnimation,AttackSpecialNinetails1,14,64.15,-143.5
Animation_Hammer.anm,a__HammerAnimation,AttackSpecialNinetails1,15,64.15,-143.5
Animation_Hammer.anm,a__HammerAnimation,AttackSpecialNinetails1,16,64.15,-143.5
Animation_Hammer.anm,a__HammerAnimation,AttackSpecialNinetails1,17,64.15,-143.5
Animation_Hammer.anm,a__HammerAnimation,AttackSpecialNinetails1,18,64.15,-143.5
Animation_Hammer.anm,a__HammerAnimation,AttackSpecialNinetails1,19,64.15,-143.5
Animation_Hammer.anm,a__HammerAnimation,AttackSpecialNinetails1,20,64.15,-143.5
Animation_Hammer.anm,a__HammerAnimation,AttackSpecialNinetails1,21,64.15,-143.5
Animation_Hammer.anm,a__HammerAnimation,AttackSpecialNinetails1,22,64.15,-143.5
Animation_Hammer.anm,a__HammerAnimation,AttackSpecialNinetails1,23,64.15,-143.5
Animation_Hammer.anm,a__HammerAnimation,AttackSpecialNinetails1,24,64.15,-143.5
Animation_Hammer.anm,a__HammerAnimation,AttackSpecialNinetails1,25,64.15,-143.5
Animation_Hammer.anm,a__HammerAnimation,AttackSpecialNinetails1,26,64.15,-143.5
Animation_Hammer.anm,a__HammerAnimation,AttackSpecialNinetails1,27,64.15,-143.5
Animation_Hammer.anm,a__HammerAnimation,AttackSpecialNinetails1,28,64.15,-143.5
Animation_Hammer.anm,a__HammerAnimation,AttackSpecialNinetails1,29,64.15,-143.5
Animation_Hammer.anm,a__HammerAnimation,AttackSpecialNinetails1,30,64.15,-143.5
Animation_Hammer.anm,a__HammerAnimation,AttackSpecialNinetails1,31,64.15,-143.5
Animation_Hammer.anm,a__HammerAnimation,AttackSpecialNinetails1,32,64.15,-143.5
Animation_Hammer.anm,a__HammerAnimation,AttackSpecialNinetails1,33,64.15,-143.5
Animation_Hammer.anm,a__HammerAnimation,AttackSpecialNinetails1,34,124.15,-16.55
Animation_Hammer.anm,a__HammerAnimation,AttackSpecialNinetails1,35,49.15,85.45
Animation_Hammer.anm,a__HammerAnimation,AttackSpecialNinetails1,36,-92.8,119.45
Animation_Hammer.anm,a__HammerAnimation,AttackSpecialNinetails1,37,-151.8,1.45
Animation_Hammer.anm,a__HammerAnimation,AttackSpecialNinetails1,38,-71.85,-104.5
Animation_Hammer.anm,a__HammerAnimation,AttackSpecialNinetails1,39,116.15,-181.5
Animation_Hammer.anm,a__HammerAnimation,AttackSpecialNinetails1,40,116.15,-181.5
Animation_Hammer.anm,a__HammerAnimation,AttackSpecialNinetails1,41,116.15,-181.5
Animation_Hammer.anm,a__HammerAnimation,AttackSpecialNinetails1,42,116.15,-181.5
Animation_Hammer.anm,a__HammerAnimation,AttackSpecialNinetails1,43,116.15,-181.5
Animation_Hammer.anm,a__HammerAnimation,AttackSpecialNinetails1,44,116.15,-181.5
Animation_Hammer.anm,a__HammerAnimation,AttackSpecialNinetails1,45,116.15,-181.5
Animation_Hammer.anm,a__HammerAnimation,AttackSpecialNinetails1,46,116.15,-181.5
Animation_Hammer.anm,a__HammerAnimation,AttackSpecialNinetails1Hit,0,115.7,-189.6
Animation_Hammer.anm,a__HammerAnimation,AttackSpecialNinetails1Hit,1,95.15,-203.45
Animation_Hammer.anm,a__HammerAnimation,AttackSpecialNinetails1Hit,2,94.15,-204.45
Animation_Hammer.anm,a__HammerAnimation,AttackSpecialNinetails1Hit,3,87.15,-174.2
Animation_Hammer.anm,a__HammerAnimation,AttackSpecialNinetails1Hit,4,138.1,117.8
Animation_Hammer.anm,a__HammerAnimation,AttackSpecialNinetails1Hit,5,166.85,251.05
Animation_Hammer.anm,a__HammerAnimation,AttackSpecialThor04a,32,115.6,0
Animation_Hammer.anm,a__HammerAnimation,AttackSpecialThor04a,33,115.6,0
Animation_Hammer.anm,a__HammerAnimation,AttackSpecialThor04a,34,130.2,0
Animation_Hammer.anm,a__HammerAnimation,AttackSpecialThor04a,35,130.2,0
Animation_Hammer.anm,a__HammerAnimation,AttackSpecialThor04aHit,0,180.9,-70.6
Animation_Hammer.anm,a__HammerAnimation,AttackSpecialThor04aHit,1,191.8,-83.15
Animation_Hammer.anm,a__HammerAnimation,AttackSpecialThor04aHit,2,207.6,-88.6
Animation_Hammer.anm,a__HammerAnimation,AttackSpecialThor04aHit,3,221.2,-92.4
Animation_Hammer.anm,a__HammerAnimation,AttackSpecialThor04aHit,4,227.75,-94
Animation_Hammer.anm,a__HammerAnimation,AttackSpecialThor04aHit,5,231.55,-93.45
Animation_Hammer.anm,a__HammerAnimation,AttackSpecialThor04aHit,6,233.7,-92.35
Animation_Hammer.anm,a__HammerAnimation,AttackSpecialThor04aHit,7,233.7,-92.35
Animation_Hammer.anm,a__HammerAnimation,AttackSpecialThor04aHit,8,233.7,-92.35
Animation_Hammer.anm,a__HammerAnimation,AttackSpecialGhostArmor02,32,41.25,-156.4
Animation_Hammer.anm,a__HammerAnimation,AttackSpecialGhostArmor02,33,41.25,-156.4
Animation_Hammer.anm,a__HammerAnimation,AttackSpecialGhostArmor02,34,50.95,-198.8
Animation_Hammer.anm,a__HammerAnimation,AttackSpecialGhostArmor02,35,65.3,-294.3
Animation_Hammer.anm,a__HammerAnimation,AttackSpecialGhostArmor02,36,65.3,-294.3
Animation_Hammer.anm,a__HammerAnimation,AttackSpecialGhostArmor02,37,59.55,-409.2
Animation_Hammer.anm,a__HammerAnimation,AttackSpecialGhostArmor02,38,59.55,-409.2
Animation_Hammer.anm,a__HammerAnimation,AttackSpecialGhostArmor02,39,59.55,-409.2
Animation_Hammer.anm,a__HammerAnimation,AttackSpecialGhostArmor02Hit,0,59.55,-409.2
Animation_Hammer.anm,a__HammerAnimation,AttackSpecialGhostArmor02Hit,1,59.55,-409.2
Animation_Hammer.anm,a__HammerAnimation,AttackSpecialGhostArmor02Hit,2,59.55,-409.2
Animation_Hammer.anm,a__HammerAnimation,AttackSpecialGhostArmor02Hit,3,59.55,-409.2
Animation_Hammer.anm,a__HammerAnimation,AttackSpecialGhostArmor02Hit,4,59.55,-373.2
Animation_Hammer.anm,a__HammerAnimation,AttackSpecialGhostArmor02Hit,5,59.55,-302.2
Animation_Hammer.anm,a__HammerAnimation,AttackSpecialThor04aHit_SwapSFBison,0,180.9,-70.6
Animation_Hammer.anm,a__HammerAnimation,AttackSpecialThor04aHit_SwapSFBison,1,191.8,-83.15
Animation_Hammer.anm,a__HammerAnimation,AttackSpecialThor04aHit_SwapSFBison,2,207.6,-88.6
Animation_Hammer.anm,a__HammerAnimation,AttackSpecialThor04aHit_SwapSFBison,3,221.2,-92.4
Animation_Hammer.anm,a__HammerAnimation,AttackSpecialThor04aHit_SwapSFBison,4,227.75,-94
Animation_Hammer.anm,a__HammerAnimation,AttackSpecialThor04aHit_SwapSFBison,5,231.55,-93.45
Animation_Hammer.anm,a__HammerAnimation,AttackSpecialThor04aHit_SwapSFBison,6,233.7,-92.35
Animation_Hammer.anm,a__HammerAnimation,AttackSpecialThor04aHit_SwapSFBison,7,233.7,-92.35
Animation_Hammer.anm,a__HammerAnimation,AttackSpecialThor04aHit_SwapSFBison,8,233.7,-92.35
Animation_Hammer.anm,a__HammerAnimation,AttackSpecialNinetails1_SwapEpicYumiko,0,64.15,-143.5
Animation_Hammer.anm,a__HammerAnimation,AttackSpecialNinetails1_SwapEpicYumiko,1,64.15,-143.5
Animation_Hammer.anm,a__HammerAnimation,AttackSpecialNinetails1_SwapEpicYumiko,2,64.15,-143.5
Animation_Hammer.anm,a__HammerAnimation,AttackSpecialNinetails1_SwapEpicYumiko,3,64.15,-143.5
Animation_Hammer.anm,a__HammerAnimation,AttackSpecialNinetails1_SwapEpicYumiko,4,64.15,-143.5
Animation_Hammer.anm,a__HammerAnimation,AttackSpecialNinetails1_SwapEpicYumiko,5,64.15,-143.5
Animation_Hammer.anm,a__HammerAnimation,AttackSpecialNinetails1_SwapEpicYumiko,6,64.15,-143.5
Animation_Hammer.anm,a__HammerAnimation,AttackSpecialNinetails1_SwapEpicYumiko,7,64.15,-143.5
Animation_Hammer.anm,a__HammerAnimation,AttackSpecialNinetails1_SwapEpicYumiko,8,64.15,-143.5
Animation_Hammer.anm,a__HammerAnimation,AttackSpecialNinetails1_SwapEpicYumiko,9,64.15,-143.5
Animation_Hammer.anm,a__HammerAnimation,AttackSpecialNinetails1_SwapEpicYumiko,10,64.15,-143.5
Animation_Hammer.anm,a__HammerAnimation,AttackSpecialNinetails1_SwapEpicYumiko,11,64.15,-143.5
Animation_Hammer.anm,a__HammerAnimation,AttackSpecialNinetails1_SwapEpicYumiko,12,64.15,-143.5
Animation_Hammer.anm,a__HammerAnimation,AttackSpecialNinetails1_SwapEpicYumiko,13,64.15,-143.5
Animation_Hammer.anm,a__HammerAnimation,AttackSpecialNinetails1_SwapEpicYumiko,14,64.15,-143.5
Animation_Hammer.anm,a__HammerAnimation,AttackSpecialNinetails1_SwapEpicYumiko,15,64.15,-143.5
Animation_Hammer.anm,a__HammerAnimation,AttackSpecialNinetails1_SwapEpicYumiko,16,64.15,-143.5
Animation_Hammer.anm,a__HammerAnimation,AttackSpecialNinetails1_SwapEpicYumiko,17,64.15,-143.5
Animation_Hammer.anm,a__HammerAnimation,AttackSpecialNinetails1_SwapEpicYumiko,18,64.15,-143.5
Animation_Hammer.anm,a__HammerAnimation,AttackSpecialNinetails1_SwapEpicYumiko,19,64.15,-143.5
Animation_Hammer.anm,a__HammerAnimation,AttackSpecialNinetails1_SwapEpicYumiko,20,64.15,-143.5
Animation_Hammer.anm,a__HammerAnimation,AttackSpecialNinetails1_SwapEpicYumiko,21,64.15,-143.5
Animation_Hammer.anm,a__HammerAnimation,AttackSpecialNinetails1_SwapEpicYumiko,22,64.15,-143.5
Animation_Hammer.anm,a__HammerAnimation,AttackSpecialNinetails1_SwapEpicYumiko,23,64.15,-143.5
Animation_Hammer.anm,a__HammerAnimation,AttackSpecialNinetails1_SwapEpicYumiko,24,64.15,-143.5
Animation_Hammer.anm,a__HammerAnimation,AttackSpecialNinetails1_SwapEpicYumiko,25,64.15,-143.5
Animation_Hammer.anm,a__HammerAnimation,AttackSpecialNinetails1_SwapEpicYumiko,26,64.15,-143.5
Animation_Hammer.anm,a__HammerAnimation,AttackSpecialNinetails1_SwapEpicYumiko,27,64.15,-143.5
Animation_Hammer.anm,a__HammerAnimation,AttackSpecialNinetails1_SwapEpicYumiko,28,64.15,-143.5
Animation_Hammer.anm,a__HammerAnimation,AttackSpecialNinetails1_SwapEpicYumiko,29,64.15,-143.5
Animation_Hammer.anm,a__HammerAnimation,AttackSpecialNinetails1_SwapEpicYumiko,30,64.15,-143.5
Animation_Hammer.anm,a__HammerAnimation,AttackSpecialNinetails1_SwapEpicYumiko,31,64.15,-143.5
Animation_Hammer.anm,a__HammerAnimation,AttackSpecialNinetails1_SwapEpicYumiko,32,64.15,-143.5
Animation_Hammer.anm,a__HammerAnimation,AttackSpecialNinetails1_SwapEpicYumiko,33,64.15,-143.5
Animation_Hammer.anm,a__HammerAnimation,AttackSpecialNinetails1_SwapEpicYumiko,34,124.15,-16.55
Animation_Hammer.anm,a__HammerAnimation,AttackSpecialNinetails1_SwapEpicYumiko,35,49.15,85.45
Animation_Hammer.anm,a__HammerAnimation,AttackSpecialNinetails1_SwapEpicYumiko,36,-92.8,119.45
Animation_Hammer.anm,a__HammerAnimation,AttackSpecialNinetails1_SwapEpicYumiko,37,-151.8,1.45
Animation_Hammer.anm,a__HammerAnimation,AttackSpecialNinetails1_SwapEpicYumiko,38,-71.85,-104.5
Animation_Hammer.anm,a__HammerAnimation,AttackSpecialNinetails1_SwapEpicYumiko,39,116.15,-181.5
Animation_Hammer.anm,a__HammerAnimation,AttackSpecialNinetails1_SwapEpicYumiko,40,116.15,-181.5
Animation_Hammer.anm,a__HammerAnimation,AttackSpecialNinetails1_SwapEpicYumiko,41,116.15,-181.5
Animation_Hammer.anm,a__HammerAnimation,AttackSpecialNinetails1_SwapEpicYumiko,42,116.15,-181.5
Animation_Hammer.anm,a__HammerAnimation,AttackSpecialNinetails1_SwapEpicYumiko,43,116.15,-181.5
Animation_Hammer.anm,a__HammerAnimation,AttackSpecialNinetails1_SwapEpicYumiko,44,116.15,-181.5
Animation_Hammer.anm,a__HammerAnimation,AttackSpecialNinetails1_SwapEpicYumiko,45,116.15,-181.5
Animation_Hammer.anm,a__HammerAnimation,AttackSpecialNinetails1_SwapEpicYumiko,46,116.15,-181.5
Animation_Hammer.anm,a__HammerAnimation,AttackSpecialNinetails1Hit_SwapEpicYumiko,0,115.7,-189.6
Animation_Hammer.anm,a__HammerAnimation,AttackSpecialNinetails1Hit_SwapEpicYumiko,1,95.15,-203.45
Animation_Hammer.anm,a__HammerAnimation,AttackSpecialNinetails1Hit_SwapEpicYumiko,2,94.15,-204.45
Animation_Hammer.anm,a__HammerAnimation,AttackSpecialNinetails1Hit_SwapEpicYumiko,3,87.15,-174.2
Animation_Hammer.anm,a__HammerAnimation,AttackSpecialNinetails1Hit_SwapEpicYumiko,4,138.1,117.8
Animation_Hammer.anm,a__HammerAnimation,AttackSpecialNinetails1Hit_SwapEpicYumiko,5,166.85,251.05
Animation_Hammer.anm,a__HammerAnimation,AttackSpecialCowgirlDsigRework,36,147.95,200.5
Animation_Hammer.anm,a__HammerAnimation,AttackSpecialCowgirlDsigRework,37,257.95,201.5
Animation_Hammer.anm,a__HammerAnimation,AttackSpecialCowgirlDsigRework,38,257.95,201.5
Animation_Hammer.anm,a__HammerAnimation,AttackSpecialCowgirlDsigReworkHitAir,0,253.6,199.9
Animation_Hammer.anm,a__HammerAnimation,AttackSpecialCowgirlDsigReworkHitAir,1,203.4,158.25
Animation_Hammer.anm,a__HammerAnimation,AttackSpecialCowgirlDsigReworkHitAir,2,151.45,115.65
Animation_Hammer.anm,a__HammerAnimation,AttackSpecialCowgirlDsigReworkHitAir,3,134.45,105
Animation_Hammer.anm,a__HammerAnimation,AttackSpecialCowgirlDsigReworkHitAir,4,134.45,105
Animation_Hammer.anm,a__HammerAnimation,AttackSpecialCowgirlDsigReworkHitAir,5,125.8,104
Animation_Hammer.anm,a__HammerAnimation,AttackSpecialCowgirlDsigReworkHitAir,6,121.45,103.5
Animation_Hammer.anm,a__HammerAnimation,AttackSpecialCowgirlDsigReworkHitAir,7,121.45,103.5
Animation_Hammer.anm,a__HammerAnimation,AttackSpecialCowgirlDsigReworkHitAir,8,121.45,103.5
Animation_Hammer.anm,a__HammerAnimation,AttackSpecialCowgirlDsigReworkSwapGlobox,36,147.95,200.5
Animation_Hammer.anm,a__HammerAnimation,AttackSpecialCowgirlDsigReworkSwapGlobox,37,257.95,201.5
Animation_Hammer.anm,a__HammerAnimation,AttackSpecialCowgirlDsigReworkSwapGlobox,38,257.95,201.5
Animation_Hammer.anm,a__HammerAnimation,AttackSpecialCowgirlDsigReworkHitSwapGlobox,0,253.6,199.9
Animation_Hammer.anm,a__HammerAnimation,AttackSpecialCowgirlDsigReworkHitSwapGlobox,1,203.4,158.25
Animation_Hammer.anm,a__HammerAnimation,AttackSpecialCowgirlDsigReworkHitSwapGlobox,2,151.45,115.65
Animation_Hammer.anm,a__HammerAnimation,AttackSpecialCowgirlDsigReworkHitSwapGlobox,3,134.45,105
Animation_Hammer.anm,a__HammerAnimation,AttackSpecialCowgirlDsigReworkHitSwapGlobox,4,134.45,105
Animation_Hammer.anm,a__HammerAnimation,AttackSpecialCowgirlDsigReworkHitSwapGlobox,5,125.8,104
Animation_Hammer.anm,a__HammerAnimation,AttackSpecialCowgirlDsigReworkHitSwapGlobox,6,121.45,103.5
Animation_Hammer.anm,a__HammerAnimation,AttackSpecialCowgirlDsigReworkHitSwapGlobox,7,121.45,103.5
Animation_Hammer.anm,a__HammerAnimation,AttackSpecialCowgirlDsigReworkHitSwapGlobox,8,121.45,103.5
Animation_Hammer.anm,a__HammerAnimation,AttackAirDown_SwapPatrick,3,23.35,96.35
Animation_Hammer.anm,a__HammerAnimation,AttackAirDown_SwapPatrick,4,23.35,96.35
Animation_Hammer.anm,a__HammerAnimation,AttackAirDown_SwapPatrick,5,23.35,96.35
Animation_Hammer.anm,a__HammerAnimation,AttackAirDown_SwapPatrick,6,23.35,96.35
Animation_Hammer.anm,a__HammerAnimation,AttackAirDown_SwapPatrick,7,23.35,96.35
Animation_Hammer.anm,a__HammerAnimation,AttackAirDown_SwapPatrick,8,23.35,96.35
Animation_Hammer.anm,a__HammerAnimation,AttackAirDown_SwapPatrick,9,23.35,96.35
Animation_Hammer.anm,a__HammerAnimation,AttackAirDown_SwapPatrick,10,23.35,96.35
Animation_Hammer.anm,a__HammerAnimation,AttackAirDownHit_SwapPatrick,0,23.35,96.35
Animation_Hammer.anm,a__HammerAnimation,AttackAirDownHit_SwapPatrick,1,23.35,96.35
Animation_Hammer.anm,a__HammerAnimation,AttackAirDownHit_SwapPatrick,2,125.8,32.3
Animation_Hammer.anm,a__HammerAnimation,AttackAirDownHit_SwapPatrick,3,168.25,-52.95
Animation_Hammer.anm,a__HammerAnimation,AttackAirDownHit_SwapPatrick,4,168.25,-52.95
Animation_Hammer.anm,a__HammerAnimation,AttackAirDownHit_SwapPatrick,5,130.5,-353.85
Animation_Hammer.anm,a__HammerAnimation,AttackAirDownHit_SwapPatrick,6,130.5,-353.85
Animation_Hammer.anm,a__HammerAnimation,AttackAirDownHit_SwapPatrick,7,130.5,-353.85
Animation_Hammer.anm,a__HammerAnimation,AttackAirUpHit_SwapPatrick,0,-21.05,-284.6
Animation_Hammer.anm,a__HammerAnimation,AttackAirUpHit_SwapPatrick,1,-21.05,-284.6
Animation_Hammer.anm,a__HammerAnimation,AttackAirUpHit_SwapPatrick,2,-21.05,-284.6
Animation_Hammer.anm,a__HammerAnimation,AttackAirUpHit_SwapPatrick,3,-21.05,-284.6
Animation_Hammer.anm,a__HammerAnimation,AttackAirUpHit_SwapPatrick,4,-21.05,-284.6
Animation_Hammer.anm,a__HammerAnimation,AttackAirUpHit_SwapPatrick,5,-21.05,-280.95
Animation_Hammer.anm,a__HammerAnimation,AttackAirUpHit_SwapPatrick,6,-21.05,-280.95
Animation_Hammer.anm,a__HammerAnimation,AttackAirUpHit_SwapPatrick,7,48.95,98.5
Animation_Hammer.anm,a__HammerAnimation,AttackAirUpHit_SwapPatrick,8,48.95,98.5
Animation_Hammer.anm,a__HammerAnimation,AttackAirUpHit_SwapPatrick,9,48.95,98.5
Animation_Hammer.anm,a__HammerAnimation,AttackSpecialMinotaur3_SwapPatrick,32,275.8,-214.8
Animation_Hammer.anm,a__HammerAnimation,AttackSpecialMinotaur3_SwapPatrick,33,284.55,-220.05
Animation_Hammer.anm,a__HammerAnimation,AttackSpecialMinotaur3_SwapPatrick,34,292.65,-225.9
Animation_Hammer.anm,a__HammerAnimation,AttackSpecialMinotaur3_SwapPatrick,35,292.65,-225.9
Animation_Hammer.anm,a__HammerAnimation,AttackSpecialMinotaur3_SwapPatrick,36,292.65,-225.9
Animation_Hammer.anm,a__HammerAnimation,AttackSpecialMinotaur3Hit_SwapPatrick,0,-289.1,-225.9
Animation_Hammer.anm,a__HammerAnimation,AttackSpecialMinotaur3Hit_SwapPatrick,1,-289.1,-225.9
Animation_Hammer.anm,a__HammerAnimation,AttackSpecialMinotaur3Hit_SwapPatrick,2,-250.35,-186.8
Animation_Hammer.anm,a__HammerAnimation,AttackSpecialMinotaur3Hit_SwapPatrick,3,-250.35,-186.8
Animation_Hammer.anm,a__HammerAnimation,AttackSpecialMinotaur3Hit_SwapPatrick,4,-244.75,-179.75
Animation_Hammer.anm,a__HammerAnimation,AttackSpecialMinotaur3Hit_SwapPatrick,5,-244.75,-179.75
Animation_Hammer.anm,a__HammerAnimation,AttackSpecialMinotaur3Hit_SwapPatrick,6,-191.4,-169.6
Animation_Hammer.anm,a__HammerAnimation,AttackSpecialMinotaur3Hit_SwapPatrick,7,284.6,-25.3
Animation_Hammer.anm,a__HammerAnimation,AttackSpecialMinotaur3Hit_SwapPatrick,8,284.6,-25.3
Animation_Hammer.anm,a__HammerAnimation,AttackSpecialCowgirl_SwapSandy,0,35.5,-45.25
Animation_Hammer.anm,a__HammerAnimation,AttackSpecialCowgirl_SwapSandy,1,35.5,-45.25
Animation_Hammer.anm,a__HammerAnimation,AttackSpecialCowgirl_SwapSandy,2,35.5,-45.25
Animation_Hammer.anm,a__HammerAnimation,AttackSpecialCowgirl_SwapSandy,3,35.5,-45.25
Animation_Hammer.anm,a__HammerAnimation,AttackSpecialCowgirl_SwapSandy,4,35.5,-45.25
Animation_Hammer.anm,a__HammerAnimation,AttackSpecialCowgirl_SwapSandy,5,35.5,-45.25
Animation_Hammer.anm,a__HammerAnimation,AttackSpecialCowgirl_SwapSandy,6,35.5,-45.25
Animation_Hammer.anm,a__HammerAnimation,AttackSpecialCowgirl_SwapSandy,7,35.5,-45.25
Animation_Hammer.anm,a__HammerAnimation,AttackSpecialCowgirl_SwapSandy,8,35.5,-45.25
Animation_Hammer.anm,a__HammerAnimation,AttackSpecialCowgirl_SwapSandy,9,45.5,-93.3
Animation_Hammer.anm,a__HammerAnimation,AttackSpecialCowgirl_SwapSandy,10,113.5,-183.4
Animation_Hammer.anm,a__HammerAnimation,AttackSpecialCowgirl_SwapSandy,11,151.5,-219.4
Animation_Hammer.anm,a__HammerAnimation,AttackSpecialCowgirl_SwapSandy,12,207.55,-247.4
Animation_Hammer.anm,a__HammerAnimation,AttackSpecialCowgirl_SwapSandy,13,239.55,-243.4
Animation_Hammer.anm,a__HammerAnimation,AttackSpecialCowgirlHit_SwapSandy,0,239.55,-243.4
Animation_Hammer.anm,a__HammerAnimation,AttackSpecialCowgirlHit_SwapSandy,1,239.55,-237.4
Animation_Hammer.anm,a__HammerAnimation,AttackSpecialCowgirlHit_SwapSandy,2,239.55,-237.4
Animation_Hammer.anm,a__HammerAnimation,AttackSpecialCowgirlHit_SwapSandy,3,245.3,-203.1
Animation_Hammer.anm,a__HammerAnimation,AttackSpecialCowgirlHit_SwapSandy,4,198.3,-74.05
Animation_Hammer.anm,a__HammerAnimation,AttackSpecialCowgirlHit_SwapSandy,5,52.2,-4
Animation_Hammer.anm,a__HammerAnimation,AttackSpecialCowgirlHit_SwapSandy,6,64.2,-4
Animation_Hammer.anm,a__HammerAnimation,AttackSpecialCowgirlHit_SwapSandy,7,64.2,-4
Animation_Hammer.anm,a__HammerAnimation,AttackSpecialCowgirlHit_SwapSandy,8,70.1,-3.9
Animation_Hammer.anm,a__HammerAnimation,AttackSpecialCowgirlHit_SwapSandy,9,70.1,-3.9
Animation_Hammer.anm,a__HammerAnimation,AttackSpecialCowgirlHit_SwapSandy,10,70.1,-3.9
Animation_Hammer.anm,a__HammerAnimation,AttackSpecialCowgirlHit_SwapSandy,11,165.1,-42.9
Animation_Hammer.anm,a__HammerAnimation,AttackSpecialCowgirlHit_SwapSandy,12,257.1,-116.9
Animation_Hammer.anm,a__HammerAnimation,AttackSpecialCowgirlHit_SwapSandy,13,355.15,-188.95
Animation_Hammer.anm,a__HammerAnimation,AttackSpecialCowgirlDsigRework_SwapSandy,36,147.95,200.5
Animation_Hammer.anm,a__HammerAnimation,AttackSpecialCowgirlDsigRework_SwapSandy,37,257.95,201.5
Animation_Hammer.anm,a__HammerAnimation,AttackSpecialCowgirlDsigRework_SwapSandy,38,257.95,201.5
Animation_Hammer.anm,a__HammerAnimation,AttackSpecialCowgirlDsigReworkHitAir_SwapSandy,0,253.6,199.9
Animation_Hammer.anm,a__HammerAnimation,AttackSpecialCowgirlDsigReworkHitAir_SwapSandy,1,203.4,158.25
Animation_Hammer.anm,a__HammerAnimation,AttackSpecialCowgirlDsigReworkHitAir_SwapSandy,2,151.45,115.65
Animation_Hammer.anm,a__HammerAnimation,AttackSpecialCowgirlDsigReworkHitAir_SwapSandy,3,134.45,105
Animation_Hammer.anm,a__HammerAnimation,AttackSpecialCowgirlDsigReworkHitAir_SwapSandy,4,134.45,105
Animation_Hammer.anm,a__HammerAnimation,AttackSpecialCowgirlDsigReworkHitAir_SwapSandy,5,125.8,104
Animation_Hammer.anm,a__HammerAnimation,AttackSpecialCowgirlDsigReworkHitAir_SwapSandy,6,121.45,103.5
Animation_Hammer.anm,a__HammerAnimation,AttackSpecialCowgirlDsigReworkHitAir_SwapSandy,7,121.45,103.5
Animation_Hammer.anm,a__HammerAnimation,AttackSpecialCowgirlDsigReworkHitAir_SwapSandy,8,121.45,103.5
Animation_Hammer.anm,a__HammerAnimation,AttackSpecialSteampunkHit_SwapTinyTina,0,-268.75,-79.6
Animation_Hammer.anm,a__HammerAnimation,AttackSpecialSteampunkHit_SwapTinyTina,1,-257.1,-101.75
Animation_Hammer.anm,a__HammerAnimation,AttackSpecialSteampunkHit_SwapTinyTina,2,166.45,-79.45
Animation_Hammer.anm,a__HammerAnimation,AttackSpecialSteampunkHit_SwapTinyTina,3,181.8,-64.4
Animation_Hammer.anm,a__HammerAnimation,AttackSpecialSteampunkHit_SwapTinyTina,4,178.3,-52.9
Animation_Hammer.anm,a__HammerAnimation,AttackSpecialSteampunkHit_SwapTinyTina,5,-268.7,-90.75
Animation_Hammer.anm,a__HammerAnimation,AttackSpecialSteampunkHit_SwapTinyTina,6,-268.7,-90.75
Animation_Hammer.anm,a__HammerAnimation,AttackSpecialSteampunkHit_SwapTinyTina,7,-254.75,-122.9
Animation_Hammer.anm,a__HammerAnimation,AttackSpecialSteampunkHit_SwapTinyTina,8,151.45,-187.85
Animation_Hammer.anm,a__HammerAnimation,AttackSpecialSteampunkHit_SwapTinyTina,9,151.45,-187.85
Animation_Hammer.anm,a__HammerAnimation,AttackSpecialAfricanKing5,31,185.8,-54.25
Animation_Hammer.anm,a__HammerAnimation,AttackSpecialAfricanKing5,32,100.15,15.7
Animation_Hammer.anm,a__HammerAnimation,AttackSpecialAfricanKing5,33,-7.65,2.7
Animation_Hammer.anm,a__HammerAnimation,AttackSpecialAfricanKing5Hit,0,-50,-16.5
Animation_Hammer.anm,a__HammerAnimation,AttackSpecialAfricanKing5Hit,1,-63.2,-33.55
Animation_Hammer.anm,a__HammerAnimation,AttackSpecialAfricanKing5Hit,2,-67.55,-44
Animation_Hammer.anm,a__HammerAnimation,AttackSpecialAfricanKing5Hit,3,-67.75,-47.8
Animation_Hammer.anm,a__HammerAnimation,AttackSpecialAfricanKing5Hit,4,-67.05,-49.9
Animation_Hammer.anm,a__HammerAnimation,AttackSpecialAfricanKing5Hit,5,-65.25,-54.85
Animation_Hammer.anm,a__HammerAnimation,AttackSpecialAfricanKing5Hit,6,-9.7,-46.55
Animation_Hammer.anm,a__HammerAnimation,AttackSpecialAfricanKing5Hit,7,243.75,150.1
Animation_Hammer.anm,a__HammerAnimation,AttackSpecialAfricanKing5HitGround,0,-24.9,-106.45
Animation_Hammer.anm,a__HammerAnimation,AttackSpecialAfricanKing5HitGround,1,40.55,-86.9
Animation_Hammer.anm,a__HammerAnimation,AttackSpecialAfricanKing5HitGround,2,116.3,25.95
Animation_Hammer.anm,a__HammerAnimation,AttackSpecialAfricanKing5HitGround,3,116.3,25.95
Animation_Hammer.anm,a__HammerAnimation,AttackSpecialAfricanKing5HitWall,0,177.8,-43.6
Animation_Hammer.anm,a__HammerAnimation,AttackSpecialAfricanKing5HitWall,1,167.8,-44.6
Animation_Hammer.anm,a__HammerAnimation,AttackSpecialAfricanKing5HitWall,2,133.6,-41.75
Animation_Hammer.anm,a__HammerAnimation,AttackSpecialAfricanKing5HitWall,3,-50,8
Animation_Hammer.anm,a__HammerAnimation,AttackSpecialAfricanKing5HitWall,4,-50,8
Animation_Hammer.anm,a__HammerAnimation,AttackSpecialAfricanKing6Hit2,0,90.9,-199.45
Animation_Hammer.anm,a__HammerAnimation,AttackSpecialAfricanKing6Hit2,1,90.9,-199.45
Animation_Hammer.anm,a__HammerAnimation,AttackSpecialAfricanKing6Hit2,2,90.9,-199.45
Animation_Hammer.anm,a__HammerAnimation,AttackSpecialAfricanKing6Hit2,3,71.95,-52.2
Animation_Hammer.anm,a__HammerAnimation,AttackSpecialAfricanKing6Hit2,4,93.8,-84.3
Animation_Hammer.anm,a__HammerAnimation,AttackSpecialAfricanKing6Hit2,5,97.1,-89.75
Animation_Hammer.anm,a__HammerAnimation,AttackSpecialAfricanKing6Hit2,6,97.2,-80.2
Animation_Hammer.anm,a__HammerAnimation,AttackSpecialAfricanKing6Hit2,7,103.65,-53
Animation_Hammer.anm,a__HammerAnimation,AttackSpecialAfricanKing6Hit2,8,110.65,-45
Animation_Hammer.anm,a__HammerAnimation,AttackSpecialAfricanKing6Hit2,9,122.45,-34.25
Animation_Hammer.anm,a__HammerAnimation,AttackSpecialAfricanKing6Hit2,10,149.75,-20
Animation_Hammer.anm,a__HammerAnimation,AttackSpecialAfricanKing6Hit2,11,153.05,-17.3
Animation_Hammer.anm,a__HammerAnimation,AttackSpecialAfricanKing6Hit2,12,148,-15.2
Animation_Hammer.anm,a__HammerAnimation,AttackSpecialCowgirl_SwapEpicCowgirl,0,35.5,-45.25
Animation_Hammer.anm,a__HammerAnimation,AttackSpecialCowgirl_SwapEpicCowgirl,1,35.5,-45.25
Animation_Hammer.anm,a__HammerAnimation,AttackSpecialCowgirl_SwapEpicCowgirl,2,35.5,-45.25
Animation_Hammer.anm,a__HammerAnimation,AttackSpecialCowgirl_SwapEpicCowgirl,3,35.5,-45.25
Animation_Hammer.anm,a__HammerAnimation,AttackSpecialCowgirl_SwapEpicCowgirl,4,35.5,-45.25
Animation_Hammer.anm,a__HammerAnimation,AttackSpecialCowgirl_SwapEpicCowgirl,5,35.5,-45.25
Animation_Hammer.anm,a__HammerAnimation,AttackSpecialCowgirl_SwapEpicCowgirl,6,35.5,-45.25
Animation_Hammer.anm,a__HammerAnimation,AttackSpecialCowgirl_SwapEpicCowgirl,7,35.5,-45.25
Animation_Hammer.anm,a__HammerAnimation,AttackSpecialCowgirl_SwapEpicCowgirl,8,35.5,-45.25
Animation_Hammer.anm,a__HammerAnimation,AttackSpecialCowgirl_SwapEpicCowgirl,9,45.5,-93.3
Animation_Hammer.anm,a__HammerAnimation,AttackSpecialCowgirl_SwapEpicCowgirl,10,113.5,-183.4
Animation_Hammer.anm,a__HammerAnimation,AttackSpecialCowgirl_SwapEpicCowgirl,11,151.5,-219.4
Animation_Hammer.anm,a__HammerAnimation,AttackSpecialCowgirl_SwapEpicCowgirl,12,207.55,-247.4
Animation_Hammer.anm,a__HammerAnimation,AttackSpecialCowgirl_SwapEpicCowgirl,13,239.55,-243.4
Animation_Hammer.anm,a__HammerAnimation,AttackSpecialCowgirlHit_SwapEpicCowgirl,0,239.55,-243.4
Animation_Hammer.anm,a__HammerAnimation,AttackSpecialCowgirlHit_SwapEpicCowgirl,1,239.55,-237.4
Animation_Hammer.anm,a__HammerAnimation,AttackSpecialCowgirlHit_SwapEpicCowgirl,2,239.55,-237.4
Animation_Hammer.anm,a__HammerAnimation,AttackSpecialCowgirlHit_SwapEpicCowgirl,3,245.3,-203.1
Animation_Hammer.anm,a__HammerAnimation,AttackSpecialCowgirlHit_SwapEpicCowgirl,4,198.3,-74.05
Animation_Hammer.anm,a__HammerAnimation,AttackSpecialCowgirlHit_SwapEpicCowgirl,5,52.2,-4
Animation_Hammer.anm,a__HammerAnimation,AttackSpecialCowgirlHit_SwapEpicCowgirl,6,64.2,-4
Animation_Hammer.anm,a__HammerAnimation,AttackSpecialCowgirlHit_SwapEpicCowgirl,7,64.2,-4
Animation_Hammer.anm,a__HammerAnimation,AttackSpecialCowgirlHit_SwapEpicCowgirl,8,70.1,-3.9
Animation_Hammer.anm,a__HammerAnimation,AttackSpecialCowgirlHit_SwapEpicCowgirl,9,70.1,-3.9
Animation_Hammer.anm,a__HammerAnimation,AttackSpecialCowgirlHit_SwapEpicCowgirl,10,70.1,-3.9
Animation_Hammer.anm,a__HammerAnimation,AttackSpecialCowgirlHit_SwapEpicCowgirl,11,165.1,-42.9
Animation_Hammer.anm,a__HammerAnimation,AttackSpecialCowgirlHit_SwapEpicCowgirl,12,257.1,-116.9
Animation_Hammer.anm,a__HammerAnimation,AttackSpecialCowgirlHit_SwapEpicCowgirl,13,355.15,-188.95
Animation_Hammer.anm,a__HammerAnimation,AttackSpecialCowgirlDsigRework_SwapEpicCowgirl,36,147.95,200.5
Animation_Hammer.anm,a__HammerAnimation,AttackSpecialCowgirlDsigRework_SwapEpicCowgirl,37,257.95,201.5
Animation_Hammer.anm,a__HammerAnimation,AttackSpecialCowgirlDsigRework_SwapEpicCowgirl,38,257.95,201.5
Animation_Hammer.anm,a__HammerAnimation,AttackSpecialCowgirlDsigReworkHitAir_SwapEpicCowgirl,0,253.6,199.9
Animation_Hammer.anm,a__HammerAnimation,AttackSpecialCowgirlDsigReworkHitAir_SwapEpicCowgirl,1,203.4,158.25
Animation_Hammer.anm,a__HammerAnimation,AttackSpecialCowgirlDsigReworkHitAir_SwapEpicCowgirl,2,151.45,115.65
Animation_Hammer.anm,a__HammerAnimation,AttackSpecialCowgirlDsigReworkHitAir_SwapEpicCowgirl,3,134.45,105
Animation_Hammer.anm,a__HammerAnimation,AttackSpecialCowgirlDsigReworkHitAir_SwapEpicCowgirl,4,134.45,105
Animation_Hammer.anm,a__HammerAnimation,AttackSpecialCowgirlDsigReworkHitAir_SwapEpicCowgirl,5,125.8,104
Animation_Hammer.anm,a__HammerAnimation,AttackSpecialCowgirlDsigReworkHitAir_SwapEpicCowgirl,6,121.45,103.5
Animation_Hammer.anm,a__HammerAnimation,AttackSpecialCowgirlDsigReworkHitAir_SwapEpicCowgirl,7,121.45,103.5
Animation_Hammer.anm,a__HammerAnimation,AttackSpecialCowgirlDsigReworkHitAir_SwapEpicCowgirl,8,121.45,103.5
Animation_Katar.anm,a__KatarAnimation,AttackSpecialCat1,0,115.8,-131.8
Animation_Katar.anm,a__KatarAnimation,AttackSpecialCat1,1,115.8,-131.8
Animation_Katar.anm,a__KatarAnimation,AttackSpecialCat1,2,115.8,-131.8
Animation_Katar.anm,a__KatarAnimation,AttackSpecialCat1,3,115.8,-131.8
Animation_Katar.anm,a__KatarAnimation,AttackSpecialCat1,4,115.8,-131.8
Animation_Katar.anm,a__KatarAnimation,AttackSpecialCat1,5,115.8,-131.8
Animation_Katar.anm,a__KatarAnimation,AttackSpecialCat1,6,115.8,-131.8
Animation_Katar.anm,a__KatarAnimation,AttackSpecialCat1,7,115.8,-131.8
Animation_Katar.anm,a__KatarAnimation,AttackSpecialCat1,8,115.8,-131.8
Animation_Katar.anm,a__KatarAnimation,AttackSpecialCat1,9,115.8,-131.8
Animation_Katar.anm,a__KatarAnimation,AttackSpecialCat1,10,115.8,-131.8
Animation_Katar.anm,a__KatarAnimation,AttackSpecialCat1,11,115.8,-131.8
Animation_Katar.anm,a__KatarAnimation,AttackSpecialCat1,12,115.8,-131.8
Animation_Katar.anm,a__KatarAnimation,AttackSpecialCat1,13,115.8,-131.8
Animation_Katar.anm,a__KatarAnimation,AttackSpecialCat1,14,115.8,-131.8
Animation_Katar.anm,a__KatarAnimation,AttackSpecialCat1,15,115.8,-131.8
Animation_Katar.anm,a__KatarAnimation,AttackSpecialCat1,16,115.8,-131.8
Animation_Katar.anm,a__KatarAnimation,AttackSpecialCat1,17,115.8,-131.8
Animation_Katar.anm,a__KatarAnimation,AttackSpecialCat1,18,115.8,-131.8
Animation_Katar.anm,a__KatarAnimation,AttackSpecialCat1,19,115.8,-131.8
Animation_Katar.anm,a__KatarAnimation,AttackSpecialCat1,20,115.8,-131.8
Animation_Katar.anm,a__KatarAnimation,AttackSpecialCat1,21,115.8,-131.8
Animation_Katar.anm,a__KatarAnimation,AttackSpecialCat1,22,115.8,-131.8
Animation_Katar.anm,a__KatarAnimation,AttackSpecialCat1,23,115.8,-131.8
Animation_Katar.anm,a__KatarAnimation,AttackSpecialCat1,24,115.8,-131.8
Animation_Katar.anm,a__KatarAnimation,AttackSpecialCat1,25,115.8,-131.8
Animation_Katar.anm,a__KatarAnimation,AttackSpecialCat1,26,115.8,-131.8
Animation_Katar.anm,a__KatarAnimation,AttackSpecialCat1,27,115.8,-131.8
Animation_Katar.anm,a__KatarAnimation,AttackSpecialCat1,28,115.8,-131.8
Animation_Katar.anm,a__KatarAnimation,AttackSpecialCat1,29,115.8,-131.8
Animation_Katar.anm,a__KatarAnimation,AttackSpecialCat1,30,115.8,-131.8
Animation_Katar.anm,a__KatarAnimation,AttackSpecialCat1,31,115.8,-131.8
Animation_Katar.anm,a__KatarAnimation,AttackSpecialCat1,32,68.85,-158.8
Animation_Katar.anm,a__KatarAnimation,AttackSpecialCat1Hit,0,62.85,-150.8
Animation_Katar.anm,a__KatarAnimation,AttackSpecialCat1Hit,1,31.55,-135.8
Animation_Katar.anm,a__KatarAnimation,AttackSpecialCat1Hit,2,9.6,-112.8
Animation_Katar.anm,a__KatarAnimation,AttackSpecialCat1Hit,3,6.6,-113.8
Animation_Katar.anm,a__KatarAnimation,AttackSpecialCat1Hit,4,-2.45,-121.75
Animation_Katar.anm,a__KatarAnimation,AttackSpecialCat1Hit,5,-19.45,-142.8
Animation_Katar.anm,a__KatarAnimation,AttackSpecialCat1Hit,6,-30.45,-146.8
Animation_Katar.anm,a__KatarAnimation,AttackSpecialCat1Hit,7,-40.5,-148.8
Animation_Katar.anm,a__KatarAnimation,AttackSpecialCat1Hit,8,-46.5,-149.8
Animation_Katar.anm,a__KatarAnimation,AttackSpecialCat1Hit,9,-93.7,-57.35
Animation_Katar.anm,a__KatarAnimation,AttackSpecialCat1Hit,10,4.8,155.55
Animation_Katar.anm,a__KatarAnimation,AttackSpecialCat1Hit,11,4.8,155.55
Animation_Katar.anm,a__KatarAnimation,AttackSpecialCat1Hit,12,4.8,155.55
Animation_Katar.anm,a__KatarAnimation,AttackSpecialShark3,29,-0.3,-130.95
Animation_Katar.anm,a__KatarAnimation,AttackSpecialShark3,30,-0.3,-130.95
Animation_Katar.anm,a__KatarAnimation,AttackSpecialShark3,31,-0.3,-130.95
Animation_Katar.anm,a__KatarAnimation,AttackSpecialShark3,32,-0.3,-130.95
Animation_Katar.anm,a__KatarAnimation,AttackSpecialShark3,33,17.7,-146.45
Animation_Katar.anm,a__KatarAnimation,AttackSpecialShark3Hit,0,55.25,-132.95
Animation_Katar.anm,a__KatarAnimation,AttackSpecialShark3Hit,1,55.25,-122.95
Animation_Katar.anm,a__KatarAnimation,AttackSpecialShark3Hit,2,61.25,-119.95
Animation_Katar.anm,a__KatarAnimation,AttackSpecialShark3Hit,3,65.25,-109.45
Animation_Katar.anm,a__KatarAnimation,AttackSpecialShark3Hit,4,92.25,-80.4
Animation_Katar.anm,a__KatarAnimation,AttackSpecialShark3Hit,5,119.25,-34.4
Animation_Katar.anm,a__KatarAnimation,AttackSpecialShark3Hit,6,126.25,24.65
Animation_Katar.anm,a__KatarAnimation,AttackSpecialShark3Hit,7,123.25,98.1
Animation_Katar.anm,a__KatarAnimation,AttackSpecialShark3HitBackwards,0,-62.15,-127.45
Animation_Katar.anm,a__KatarAnimation,AttackSpecialShark3HitBackwards,1,-57.75,-133.95
Animation_Katar.anm,a__KatarAnimation,AttackSpecialShark3HitBackwards,2,-34.25,-152.95
Animation_Katar.anm,a__KatarAnimation,AttackSpecialShark3HitBackwards,3,11.75,-128.45
Animation_Katar.anm,a__KatarAnimation,AttackSpecialShark3HitBackwards,4,66.75,-84.4
Animation_Katar.anm,a__KatarAnimation,AttackSpecialShark3HitBackwards,5,119.25,-34.4
Animation_Katar.anm,a__KatarAnimation,AttackSpecialShark3HitBackwards,6,126.25,24.65
Animation_Katar.anm,a__KatarAnimation,AttackSpecialShark3HitBackwards,7,123.25,98.1
Animation_Katar.anm,a__KatarAnimation,AttackSpecialLoki4,34,313.1,90.75
Animation_Katar.anm,a__KatarAnimation,AttackSpecialLoki4,35,550.7,193
Animation_Katar.anm,a__KatarAnimation,AttackSpecialLoki4,36,593.4,221.6
Animation_Katar.anm,a__KatarAnimation,AttackSpecialLoki4,37,605.85,230.3
Animation_Katar.anm,a__KatarAnimation,AttackSpecialLoki4Hit,0,-615.3,242.25
Animation_Katar.anm,a__KatarAnimation,AttackSpecialLoki4Hit,1,-518.85,224.1
Animation_Katar.anm,a__KatarAnimation,AttackSpecialLoki4Hit,2,-328.85,210.1
Animation_Katar.anm,a__KatarAnimation,AttackSpecialLoki4Hit,3,-104.9,210.45
Animation_Katar.anm,a__KatarAnimation,AttackSpecialLoki4Hit,4,137.05,232.45
Animation_Katar.anm,a__KatarAnimation,AttackSpecialLoki4Hit,5,397,240.7
Animation_Katar.anm,a__KatarAnimation,AttackSpecialLoki4Hit,6,501.55,242.15
Animation_Katar.anm,a__KatarAnimation,AttackSpecialLoki4Hit,7,547.65,243.7
Animation_Katar.anm,a__KatarAnimation,AttackSpecialCat1_SwapAhsoka,0,115.8,-131.8
Animation_Katar.anm,a__KatarAnimation,AttackSpecialCat1_SwapAhsoka,1,115.8,-131.8
Animation_Katar.anm,a__KatarAnimation,AttackSpecialCat1_SwapAhsoka,2,115.8,-131.8
Animation_Katar.anm,a__KatarAnimation,AttackSpecialCat1_SwapAhsoka,3,115.8,-131.8
Animation_Katar.anm,a__KatarAnimation,AttackSpecialCat1_SwapAhsoka,4,115.8,-131.8
Animation_Katar.anm,a__KatarAnimation,AttackSpecialCat1_SwapAhsoka,5,115.8,-131.8
Animation_Katar.anm,a__KatarAnimation,AttackSpecialCat1_SwapAhsoka,6,115.8,-131.8
Animation_Katar.anm,a__KatarAnimation,AttackSpecialCat1_SwapAhsoka,7,115.8,-131.8
Animation_Katar.anm,a__KatarAnimation,AttackSpecialCat1_SwapAhsoka,8,115.8,-131.8
Animation_Katar.anm,a__KatarAnimation,AttackSpecialCat1_SwapAhsoka,9,115.8,-131.8
Animation_Katar.anm,a__KatarAnimation,AttackSpecialCat1_SwapAhsoka,10,115.8,-131.8
Animation_Katar.anm,a__KatarAnimation,AttackSpecialCat1_SwapAhsoka,11,115.8,-131.8
Animation_Katar.anm,a__KatarAnimation,AttackSpecialCat1_SwapAhsoka,12,115.8,-131.8
Animation_Katar.anm,a__KatarAnimation,AttackSpecialCat1_SwapAhsoka,13,115.8,-131.8
Animation_Katar.anm,a__KatarAnimation,AttackSpecialCat1_SwapAhsoka,14,115.8,-131.8
Animation_Katar.anm,a__KatarAnimation,AttackSpecialCat1_SwapAhsoka,15,115.8,-131.8
Animation_Katar.anm,a__KatarAnimation,AttackSpecialCat1_SwapAhsoka,16,115.8,-131.8
Animation_Katar.anm,a__KatarAnimation,AttackSpecialCat1_SwapAhsoka,17,115.8,-131.8
Animation_Katar.anm,a__KatarAnimation,AttackSpecialCat1_SwapAhsoka,18,115.8,-131.8
Animation_Katar.anm,a__KatarAnimation,AttackSpecialCat1_SwapAhsoka,19,115.8,-131.8
Animation_Katar.anm,a__KatarAnimation,AttackSpecialCat1_SwapAhsoka,20,115.8,-131.8
Animation_Katar.anm,a__KatarAnimation,AttackSpecialCat1_SwapAhsoka,21,115.8,-131.8
Animation_Katar.anm,a__KatarAnimation,AttackSpecialCat1_SwapAhsoka,22,115.8,-131.8
Animation_Katar.anm,a__KatarAnimation,AttackSpecialCat1_SwapAhsoka,23,115.8,-131.8
Animation_Katar.anm,a__KatarAnimation,AttackSpecialCat1_SwapAhsoka,24,115.8,-131.8
Animation_Katar.anm,a__KatarAnimation,AttackSpecialCat1_SwapAhsoka,25,115.8,-131.8
Animation_Katar.anm,a__KatarAnimation,AttackSpecialCat1_SwapAhsoka,26,115.8,-131.8
Animation_Katar.anm,a__KatarAnimation,AttackSpecialCat1_SwapAhsoka,27,115.8,-131.8
Animation_Katar.anm,a__KatarAnimation,AttackSpecialCat1_SwapAhsoka,28,115.8,-131.8
Animation_Katar.anm,a__KatarAnimation,AttackSpecialCat1_SwapAhsoka,29,115.8,-131.8
Animation_Katar.anm,a__KatarAnimation,AttackSpecialCat1_SwapAhsoka,30,115.8,-131.8
Animation_Katar.anm,a__KatarAnimation,AttackSpecialCat1_SwapAhsoka,31,115.8,-131.8
Animation_Katar.anm,a__KatarAnimation,AttackSpecialCat1_SwapAhsoka,32,68.85,-158.8
Animation_Katar.anm,a__KatarAnimation,AttackSpecialCat1Hit_SwapAhsoka,0,62.85,-150.8
Animation_Katar.anm,a__KatarAnimation,AttackSpecialCat1Hit_SwapAhsoka,1,31.55,-135.8
Animation_Katar.anm,a__KatarAnimation,AttackSpecialCat1Hit_SwapAhsoka,2,9.6,-112.8
Animation_Katar.anm,a__KatarAnimation,AttackSpecialCat1Hit_SwapAhsoka,3,6.6,-113.8
Animation_Katar.anm,a__KatarAnimation,AttackSpecialCat1Hit_SwapAhsoka,4,-2.45,-121.75
Animation_Katar.anm,a__KatarAnimation,AttackSpecialCat1Hit_SwapAhsoka,5,-19.45,-142.8
Animation_Katar.anm,a__KatarAnimation,AttackSpecialCat1Hit_SwapAhsoka,6,-30.45,-146.8
Animation_Katar.anm,a__KatarAnimation,AttackSpecialCat1Hit_SwapAhsoka,7,-40.5,-148.8
Animation_Katar.anm,a__KatarAnimation,AttackSpecialCat1Hit_SwapAhsoka,8,-46.5,-149.8
Animation_Katar.anm,a__KatarAnimation,AttackSpecialCat1Hit_SwapAhsoka,9,-93.7,-57.35
Animation_Katar.anm,a__KatarAnimation,AttackSpecialCat1Hit_SwapAhsoka,10,4.8,155.55
Animation_Katar.anm,a__KatarAnimation,AttackSpecialCat1Hit_SwapAhsoka,11,4.8,155.55
Animation_Katar.anm,a__KatarAnimation,AttackSpecialCat1Hit_SwapAhsoka,12,4.8,155.55
Animation_Katar.anm,a__KatarAnimation,AttackSpecialShark3_SwapGrievous,29,-0.3,-130.95
Animation_Katar.anm,a__KatarAnimation,AttackSpecialShark3_SwapGrievous,30,-0.3,-130.95
Animation_Katar.anm,a__KatarAnimation,AttackSpecialShark3_SwapGrievous,31,-0.3,-130.95
Animation_Katar.anm,a__KatarAnimation,AttackSpecialShark3_SwapGrievous,32,-0.3,-130.95
Animation_Katar.anm,a__KatarAnimation,AttackSpecialShark3_SwapGrievous,33,17.7,-146.45
Animation_Katar.anm,a__KatarAnimation,AttackSpecialShark3Hit_SwapGrievous,0,55.25,-132.95
Animation_Katar.anm,a__KatarAnimation,AttackSpecialShark3Hit_SwapGrievous,1,55.25,-122.95
Animation_Katar.anm,a__KatarAnimation,AttackSpecialShark3Hit_SwapGrievous,2,61.25,-119.95
Animation_Katar.anm,a__KatarAnimation,AttackSpecialShark3Hit_SwapGrievous,3,65.25,-109.45
Animation_Katar.anm,a__KatarAnimation,AttackSpecialShark3Hit_SwapGrievous,4,92.25,-80.4
Animation_Katar.anm,a__KatarAnimation,AttackSpecialShark3Hit_SwapGrievous,5,119.25,-34.4
Animation_Katar.anm,a__KatarAnimation,AttackSpecialShark3Hit_SwapGrievous,6,126.25,24.65
Animation_Katar.anm,a__KatarAnimation,AttackSpecialShark3Hit_SwapGrievous,7,123.25,98.1
Animation_Katar.anm,a__KatarAnimation,AttackSpecialShark3HitBackwards_SwapGrievous,0,-62.15,-127.45
Animation_Katar.anm,a__KatarAnimation,AttackSpecialShark3HitBackwards_SwapGrievous,1,-57.75,-133.95
Animation_Katar.anm,a__KatarAnimation,AttackSpecialShark3HitBackwards_SwapGrievous,2,-34.25,-152.95
Animation_Katar.anm,a__KatarAnimation,AttackSpecialShark3HitBackwards_SwapGrievous,3,11.75,-128.45
Animation_Katar.anm,a__KatarAnimation,AttackSpecialShark3HitBackwards_SwapGrievous,4,66.75,-84.4
Animation_Katar.anm,a__KatarAnimation,AttackSpecialShark3HitBackwards_SwapGrievous,5,119.25,-34.4
Animation_Katar.anm,a__KatarAnimation,AttackSpecialShark3HitBackwards_SwapGrievous,6,126.25,24.65
Animation_Katar.anm,a__KatarAnimation,AttackSpecialShark3HitBackwards_SwapGrievous,7,123.25,98.1
Animation_Katar.anm,a__KatarAnimation,AttackSpecialCat1_SwapLevi,32,68.85,-158.8
Animation_Katar.anm,a__KatarAnimation,AttackSpecialCat1Hit_SwapLevi,0,62.85,-150.8
Animation_Katar.anm,a__KatarAnimation,AttackSpecialCat1Hit_SwapLevi,1,31.55,-135.8
Animation_Katar.anm,a__KatarAnimation,AttackSpecialCat1Hit_SwapLevi,2,9.6,-112.8
Animation_Katar.anm,a__KatarAnimation,AttackSpecialCat1Hit_SwapLevi,3,6.6,-113.8
Animation_Katar.anm,a__KatarAnimation,AttackSpecialCat1Hit_SwapLevi,4,-2.45,-121.75
Animation_Katar.anm,a__KatarAnimation,AttackSpecialCat1Hit_SwapLevi,5,-19.45,-142.8
Animation_Katar.anm,a__KatarAnimation,AttackSpecialCat1Hit_SwapLevi,6,-30.45,-146.8
Animation_Katar.anm,a__KatarAnimation,AttackSpecialCat1Hit_SwapLevi,7,-40.5,-148.8
Animation_Katar.anm,a__KatarAnimation,AttackSpecialCat1Hit_SwapLevi,8,-46.5,-149.8
Animation_Katar.anm,a__KatarAnimation,AttackSpecialCat1Hit_SwapLevi,9,-93.7,-57.35
Animation_Katar.anm,a__KatarAnimation,AttackSpecialCat1Hit_SwapLevi,10,4.8,155.55
Animation_Katar.anm,a__KatarAnimation,AttackSpecialCat1Hit_SwapLevi,11,4.8,155.55
Animation_Katar.anm,a__KatarAnimation,AttackSpecialCat1Hit_SwapLevi,12,4.8,155.55
Animation_Lance.anm,a__RocketLanceAnimation,AttackSpecialAlien,9,339.4,-174.2
Animation_Lance.anm,a__RocketLanceAnimation,AttackSpecialAlien,10,425.4,-234.5
Animation_Lance.anm,a__RocketLanceAnimation,AttackSpecialAlien,11,491.85,-274.8
Animation_Lance.anm,a__RocketLanceAnimation,AttackSpecialAlien,12,533.4,-300.1
Animation_Lance.anm,a__RocketLanceAnimation,AttackSpecialAlienHit,0,533.4,-300.1
Animation_Lance.anm,a__RocketLanceAnimation,AttackSpecialAlienHit,1,533.4,-300.1
Animation_Lance.anm,a__RocketLanceAnimation,AttackSpecialAlienHit,2,533.4,-300.1
Animation_Lance.anm,a__RocketLanceAnimation,AttackSpecialAlienHit,3,533.4,-300.1
Animation_Lance.anm,a__RocketLanceAnimation,AttackSpecialAlienHit,4,533.4,-300.1
Animation_Lance.anm,a__RocketLanceAnimation,AttackSpecialAlienHit,5,533.4,-300.1
Animation_Lance.anm,a__RocketLanceAnimation,AttackSpecialAlienHit,6,131.85,-50.05
Animation_Lance.anm,a__RocketLanceAnimation,AttackSpecialAlienHit,7,137.8,-59.5
Animation_Lance.anm,a__RocketLanceAnimation,AttackSpecialAlienHit,8,122.4,-61.9
Animation_Lance.anm,a__RocketLanceAnimation,AttackSpecialAlienHit,9,140.15,-61.9
Animation_Lance.anm,a__RocketLanceAnimation,AttackSpecialAlienHit,10,128.3,-59.5
Animation_Lance.anm,a__RocketLanceAnimation,AttackSpecialAlienHit,11,140.15,-63.05
Animation_Lance.anm,a__RocketLanceAnimation,AttackSpecialAlienHit,12,138.95,-57.15
Animation_Lance.anm,a__RocketLanceAnimation,AttackSpecialAlien2,10,130.85,-22.45
Animation_Lance.anm,a__RocketLanceAnimation,AttackSpecialAlien2,11,273,-30.35
Animation_Lance.anm,a__RocketLanceAnimation,AttackSpecialAlien2,12,358.35,-42.7
Animation_Lance.anm,a__RocketLanceAnimation,AttackSpecialAlien2,13,424.55,-61.7
Animation_Lance.anm,a__RocketLanceAnimation,AttackSpecialAlien2Hit,0,-410,-21.7
Animation_Lance.anm,a__RocketLanceAnimation,AttackSpecialAlien2Hit,1,-410,-21.7
Animation_Lance.anm,a__RocketLanceAnimation,AttackSpecialAlien2Hit,2,-410,-21.7
Animation_Lance.anm,a__RocketLanceAnimation,AttackSpecialAlien2Hit,3,-397.95,-18.7
Animation_Lance.anm,a__RocketLanceAnimation,AttackSpecialAlien2Hit,4,-397.95,-18.7
Animation_Lance.anm,a__RocketLanceAnimation,AttackSpecialAlien2Hit,5,-394.05,-49.65
Animation_Lance.anm,a__RocketLanceAnimation,AttackSpecialAlien2Hit,6,-394.05,-49.65
Animation_Lance.anm,a__RocketLanceAnimation,AttackSpecialAlien2Hit,7,62.25,-182.55
Animation_Lance.anm,a__RocketLanceAnimation,AttackSpecialAlien_SwapDestinyWarlock,9,339.4,-174.2
Animation_Lance.anm,a__RocketLanceAnimation,AttackSpecialAlien_SwapDestinyWarlock,10,425.4,-234.5
Animation_Lance.anm,a__RocketLanceAnimation,AttackSpecialAlien_SwapDestinyWarlock,11,491.85,-274.8
Animation_Lance.anm,a__RocketLanceAnimation,AttackSpecialAlien_SwapDestinyWarlock,12,533.4,-300.1
Animation_Lance.anm,a__RocketLanceAnimation,AttackSpecialAlienHit_SwapDestinyWarlock,0,533.4,-300.1
Animation_Lance.anm,a__RocketLanceAnimation,AttackSpecialAlienHit_SwapDestinyWarlock,1,533.4,-300.1
Animation_Lance.anm,a__RocketLanceAnimation,AttackSpecialAlienHit_SwapDestinyWarlock,2,533.4,-300.1
Animation_Lance.anm,a__RocketLanceAnimation,AttackSpecialAlienHit_SwapDestinyWarlock,3,533.4,-300.1
Animation_Lance.anm,a__RocketLanceAnimation,AttackSpecialAlienHit_SwapDestinyWarlock,4,533.4,-300.1
Animation_Lance.anm,a__RocketLanceAnimation,AttackSpecialAlienHit_SwapDestinyWarlock,5,533.4,-300.1
Animation_Lance.anm,a__RocketLanceAnimation,AttackSpecialAlienHit_SwapDestinyWarlock,6,131.85,-50.05
Animation_Lance.anm,a__RocketLanceAnimation,AttackSpecialAlienHit_SwapDestinyWarlock,7,137.8,-59.5
Animation_Lance.anm,a__RocketLanceAnimation,AttackSpecialAlienHit_SwapDestinyWarlock,8,122.4,-61.9
Animation_Lance.anm,a__RocketLanceAnimation,AttackSpecialAlienHit_SwapDestinyWarlock,9,140.15,-61.9
Animation_Lance.anm,a__RocketLanceAnimation,AttackSpecialAlienHit_SwapDestinyWarlock,10,128.3,-59.5
Animation_Lance.anm,a__RocketLanceAnimation,AttackSpecialAlienHit_SwapDestinyWarlock,11,140.15,-63.05
Animation_Lance.anm,a__RocketLanceAnimation,AttackSpecialAlienHit_SwapDestinyWarlock,12,138.95,-57.15
Animation_Lance.anm,a__RocketLanceAnimation,AttackSpecialAlien2_SwapDestinyWarlock,10,130.85,-22.45
Animation_Lance.anm,a__RocketLanceAnimation,AttackSpecialAlien2_SwapDestinyWarlock,11,273,-30.35
Animation_Lance.anm,a__RocketLanceAnimation,AttackSpecialAlien2_SwapDestinyWarlock,12,358.35,-42.7
Animation_Lance.anm,a__RocketLanceAnimation,AttackSpecialAlien2_SwapDestinyWarlock,13,424.55,-61.7
Animation_Lance.anm,a__RocketLanceAnimation,AttackSpecialAlien2Hit_SwapDestinyWarlock,0,-410,-21.7
Animation_Lance.anm,a__RocketLanceAnimation,AttackSpecialAlien2Hit_SwapDestinyWarlock,1,-410,-21.7
Animation_Lance.anm,a__RocketLanceAnimation,AttackSpecialAlien2Hit_SwapDestinyWarlock,2,-410,-21.7
Animation_Lance.anm,a__RocketLanceAnimation,AttackSpecialAlien2Hit_SwapDestinyWarlock,3,-397.95,-18.7
Animation_Lance.anm,a__RocketLanceAnimation,AttackSpecialAlien2Hit_SwapDestinyWarlock,4,-397.95,-18.7
Animation_Lance.anm,a__RocketLanceAnimation,AttackSpecialAlien2Hit_SwapDestinyWarlock,5,-394.05,-49.65
Animation_Lance.anm,a__RocketLanceAnimation,AttackSpecialAlien2Hit_SwapDestinyWarlock,6,-394.05,-49.65
Animation_Lance.anm,a__RocketLanceAnimation,AttackSpecialAlien2Hit_SwapDestinyWarlock,7,62.25,-182.55
Animation_Lance.anm,a__RocketLanceAnimation,AttackSpecialDarkheartMonster3,30,264.15,-172.4
Animation_Lance.anm,a__RocketLanceAnimation,AttackSpecialDarkheartMonster3,31,193.8,-384.95
Animation_Lance.anm,a__RocketLanceAnimation,AttackSpecialDarkheartMonster3,32,165.3,-403.05
Animation_Lance.anm,a__RocketLanceAnimation,AttackSpecialDarkheartMonster3,33,157.1,-403.8
Animation_Lance.anm,a__RocketLanceAnimation,AttackSpecialDarkheartMonster3,34,154.1,-401.8
Animation_Lance.anm,a__RocketLanceAnimation,AttackSpecialDarkheartMonster3Hit,0,118.75,-410.3
Animation_Lance.anm,a__RocketLanceAnimation,AttackSpecialDarkheartMonster3Hit,1,28.85,-413.85
Animation_Lance.anm,a__RocketLanceAnimation,AttackSpecialDarkheartMonster3Hit,2,-14.05,-406.3
Animation_Lance.anm,a__RocketLanceAnimation,AttackSpecialDarkheartMonster3Hit,3,-24.4,-399.5
Animation_Lance.anm,a__RocketLanceAnimation,AttackSpecialDarkheartMonster3Hit,4,-8.4,-387.15
Animation_Lance.anm,a__RocketLanceAnimation,AttackSpecialDarkheartMonster3Hit,5,124.45,-357.6
Animation_Lance.anm,a__RocketLanceAnimation,AttackSpecialDarkheartMonster3Hit,6,358.15,-48.5
Animation_Lance.anm,a__RocketLanceAnimation,AttackSpecialDarkheartMonster3HitGround,0,118.75,-410.3
Animation_Lance.anm,a__RocketLanceAnimation,AttackSpecialDarkheartMonster3HitGround,1,28.85,-413.85
Animation_Lance.anm,a__RocketLanceAnimation,AttackSpecialDarkheartMonster3HitGround,2,-19.05,-406.3
Animation_Lance.anm,a__RocketLanceAnimation,AttackSpecialDarkheartMonster3HitGround,3,-24.4,-399.5
Animation_Lance.anm,a__RocketLanceAnimation,AttackSpecialDarkheartMonster3HitGround,4,-8.4,-387.15
Animation_Lance.anm,a__RocketLanceAnimation,AttackSpecialDarkheartMonster3HitGround,5,124.45,-357.6
Animation_Lance.anm,a__RocketLanceAnimation,AttackSpecialDarkheartMonster3HitGround,6,358.15,-48.5
Animation_Orb.anm,a__OrbAnimation,AttackSpecialSpellwitch18,33,222,-9
Animation_Orb.anm,a__OrbAnimation,AttackSpecialSpellwitch18,34,222,-9
Animation_Orb.anm,a__OrbAnimation,AttackSpecialSpellwitch18,35,244,-31
Animation_Orb.anm,a__OrbAnimation,AttackSpecialSpellwitch18,36,239,-50
Animation_Orb.anm,a__OrbAnimation,AttackSpecialSpellwitch18,37,180,-58
Animation_Orb.anm,a__OrbAnimation,AttackSpecialSpellwitch18,38,180,-50
Animation_Orb.anm,a__OrbAnimation,AttackSpecialSpellwitch18,39,202,-54
Animation_Orb.anm,a__OrbAnimation,AttackSpecialSpellwitch18,40,209,-63
Animation_Orb.anm,a__OrbAnimation,AttackSpecialSpellwitch18,41,206,-72
Animation_Orb.anm,a__OrbAnimation,AttackSpecialSpellwitch18,42,206,-72
Animation_Orb.anm,a__OrbAnimation,AttackSpecialSpellwitch18,43,206,-72
Animation_Orb.anm,a__OrbAnimation,AttackSpecialSpellwitch18,44,206,-72
Animation_Orb.anm,a__OrbAnimation,AttackSpecialSpellwitch18,45,206,-72
Animation_Orb.anm,a__OrbAnimation,AttackSpecialSpellwitch18Hit,0,202,-61
Animation_Orb.anm,a__OrbAnimation,AttackSpecialSpellwitch18Hit,1,204.5,-6
Animation_Orb.anm,a__OrbAnimation,AttackSpecialSpellwitch18Hit,2,203.5,-4.45
Animation_Orb.anm,a__OrbAnimation,AttackSpecialSpellwitch18Hit,3,203.5,-4.45
Animation_Orb.anm,a__OrbAnimation,AttackSpecialSpellwitch18Hit,4,203.5,-4.45
Animation_Orb.anm,a__OrbAnimation,AttackSpecialSpellwitch18Hit,5,203.5,-4.45
Animation_Orb.anm,a__OrbAnimation,AttackSpecialSpellwitch18Hit,6,203.5,-4.45
Animation_Orb.anm,a__OrbAnimation,AttackSpecialSpellwitch16Up,0,203.5,-4.45
Animation_Orb.anm,a__OrbAnimation,AttackSpecialSpellwitch16Up,1,203.5,-4.45
Animation_Orb.anm,a__OrbAnimation,AttackSpecialSpellwitch16Up,2,203.5,-4.45
Animation_Orb.anm,a__OrbAnimation,AttackSpecialSpellwitch16Up,3,203.5,-4.45
Animation_Orb.anm,a__OrbAnimation,AttackSpecialSpellwitch16Up,4,238,-320.95
Animation_Orb.anm,a__OrbAnimation,AttackSpecialSpellwitch16Forward,0,203.5,-4.45
Animation_Orb.anm,a__OrbAnimation,AttackSpecialSpellwitch16Forward,1,203.5,-4.45
Animation_Orb.anm,a__OrbAnimation,AttackSpecialSpellwitch16Forward,2,203.5,-4.45
Animation_Orb.anm,a__OrbAnimation,AttackSpecialSpellwitch16Forward,3,203.5,-4.45
Animation_Orb.anm,a__OrbAnimation,AttackSpecialEzio07Hit,0,296.35,-243.65
Animation_Orb.anm,a__OrbAnimation,AttackSpecialEzio07Hit,1,296.35,-243.65
Animation_Orb.anm,a__OrbAnimation,AttackSpecialEzio07Hit,2,296.35,-243.65
Animation_Orb.anm,a__OrbAnimation,AttackSpecialEzio07Hit,3,296.35,-243.65
Animation_Orb.anm,a__OrbAnimation,AttackSpecialEzio07Hit,4,296.35,-243.65
Animation_Orb.anm,a__OrbAnimation,AttackSpecialEzio07Hit,5,296.35,-243.65
Animation_Orb.anm,a__OrbAnimation,AttackSpecialEzio07Hit,6,296.35,-243.65
Animation_Orb.anm,a__OrbAnimation,AttackSpecialEzio07Hit,7,296.35,-243.65
Animation_Orb.anm,a__OrbAnimation,AttackSpecialEzio07Hit,8,296.35,-243.65
Animation_Orb.anm,a__OrbAnimation,AttackSpecialEzio07Hit,9,296.35,-243.65
Animation_Orb.anm,a__OrbAnimation,AttackSpecialEzio07Hit,10,296.35,-243.65
Animation_Orb.anm,a__OrbAnimation,AttackSpecialEzio07Hit,11,296.35,-243.65
Animation_Orb.anm,a__OrbAnimation,AttackSpecialEzio07Hit_SwapAlucard,0,296.35,-243.65
Animation_Orb.anm,a__OrbAnimation,AttackSpecialEzio07Hit_SwapAlucard,1,296.35,-243.65
Animation_Orb.anm,a__OrbAnimation,AttackSpecialEzio07Hit_SwapAlucard,2,296.35,-243.65
Animation_Orb.anm,a__OrbAnimation,AttackSpecialEzio07Hit_SwapAlucard,3,296.35,-243.65
Animation_Orb.anm,a__OrbAnimation,AttackSpecialEzio07Hit_SwapAlucard,4,296.35,-243.65
Animation_Orb.anm,a__OrbAnimation,AttackSpecialEzio07Hit_SwapAlucard,5,296.35,-243.65
Animation_Orb.anm,a__OrbAnimation,AttackSpecialEzio07Hit_SwapAlucard,6,296.35,-243.65
Animation_Orb.anm,a__OrbAnimation,AttackSpecialEzio07Hit_SwapAlucard,7,296.35,-243.65
Animation_Orb.anm,a__OrbAnimation,AttackSpecialEzio07Hit_SwapAlucard,8,296.35,-243.65
Animation_Orb.anm,a__OrbAnimation,AttackSpecialEzio07Hit_SwapAlucard,9,296.35,-243.65
Animation_Orb.anm,a__OrbAnimation,AttackSpecialEzio07Hit_SwapAlucard,10,296.35,-243.65
Animation_Orb.anm,a__OrbAnimation,AttackSpecialEzio07Hit_SwapAlucard,11,296.35,-243.65
Animation_Orb.anm,a__OrbAnimation,AttackSpecialEzio07Hit_SwapDarthVader,0,296.35,-243.65
Animation_Orb.anm,a__OrbAnimation,AttackSpecialEzio07Hit_SwapDarthVader,1,296.35,-243.65
Animation_Orb.anm,a__OrbAnimation,AttackSpecialEzio07Hit_SwapDarthVader,2,296.35,-243.65
Animation_Orb.anm,a__OrbAnimation,AttackSpecialEzio07Hit_SwapDarthVader,3,296.35,-243.65
Animation_Orb.anm,a__OrbAnimation,AttackSpecialEzio07Hit_SwapDarthVader,4,296.35,-243.65
Animation_Orb.anm,a__OrbAnimation,AttackSpecialEzio07Hit_SwapDarthVader,5,296.35,-243.65
Animation_Orb.anm,a__OrbAnimation,AttackSpecialEzio07Hit_SwapDarthVader,6,296.35,-243.65
Animation_Orb.anm,a__OrbAnimation,AttackSpecialEzio07Hit_SwapDarthVader,7,296.35,-243.65
Animation_Orb.anm,a__OrbAnimation,AttackSpecialEzio07Hit_SwapDarthVader,8,296.35,-243.65
Animation_Orb.anm,a__OrbAnimation,AttackSpecialEzio07Hit_SwapDarthVader,9,296.35,-243.65
Animation_Orb.anm,a__OrbAnimation,AttackSpecialEzio07Hit_SwapDarthVader,10,296.35,-243.65
Animation_Orb.anm,a__OrbAnimation,AttackSpecialEzio07Hit_SwapDarthVader,11,296.35,-243.65
Animation_Orb.anm,a__OrbAnimation,AttackSpecialEzio07Hit_SwapAnakin,0,296.35,-243.65
Animation_Orb.anm,a__OrbAnimation,AttackSpecialEzio07Hit_SwapAnakin,1,296.35,-243.65
Animation_Orb.anm,a__OrbAnimation,AttackSpecialEzio07Hit_SwapAnakin,2,296.35,-243.65
Animation_Orb.anm,a__OrbAnimation,AttackSpecialEzio07Hit_SwapAnakin,3,296.35,-243.65
Animation_Orb.anm,a__OrbAnimation,AttackSpecialEzio07Hit_SwapAnakin,4,296.35,-243.65
Animation_Orb.anm,a__OrbAnimation,AttackSpecialEzio07Hit_SwapAnakin,5,296.35,-243.65
Animation_Orb.anm,a__OrbAnimation,AttackSpecialEzio07Hit_SwapAnakin,6,296.35,-243.65
Animation_Orb.anm,a__OrbAnimation,AttackSpecialEzio07Hit_SwapAnakin,7,296.35,-243.65
Animation_Orb.anm,a__OrbAnimation,AttackSpecialEzio07Hit_SwapAnakin,8,296.35,-243.65
Animation_Orb.anm,a__OrbAnimation,AttackSpecialEzio07Hit_SwapAnakin,9,296.35,-243.65
Animation_Orb.anm,a__OrbAnimation,AttackSpecialEzio07Hit_SwapAnakin,10,296.35,-243.65
Animation_Orb.anm,a__OrbAnimation,AttackSpecialEzio07Hit_SwapAnakin,11,296.35,-243.65
Animation_Pistols.anm,a__PistolAnimation,AttackSpecialMarksman3,34,274.15,-104
Animation_Pistols.anm,a__PistolAnimation,AttackSpecialMarksman3,35,293.15,-110.5
Animation_Pistols.anm,a__PistolAnimation,AttackSpecialMarksman3,36,308.65,-113.5
Animation_Pistols.anm,a__PistolAnimation,AttackSpecialMarksman3Hit,0,-322.7,-113.45
Animation_Pistols.anm,a__PistolAnimation,AttackSpecialMarksman3Hit,1,-325.3,-113.25
Animation_Pistols.anm,a__PistolAnimation,AttackSpecialMarksman3Hit,2,-327.9,-113.05
Animation_Pistols.anm,a__PistolAnimation,AttackSpecialMarksman3Hit,3,-330.5,-112.85
Animation_Pistols.anm,a__PistolAnimation,AttackSpecialMarksman3Hit,4,-333.1,-112.65
Animation_Pistols.anm,a__PistolAnimation,AttackSpecialMarksman3Hit,5,-335.75,-112.45
Animation_Pistols.anm,a__PistolAnimation,AttackSpecialMarksman3Hit,6,-338.35,-112.25
Animation_Pistols.anm,a__PistolAnimation,AttackSpecialMarksman3Hit,7,-340.95,-112.05
Animation_Pistols.anm,a__PistolAnimation,AttackSpecialMarksman3Hit,8,-382,-123
Animation_Pistols.anm,a__PistolAnimation,AttackSpecialMarksman3Hit,9,-424,-129.6
Animation_Pistols.anm,a__PistolAnimation,AttackSpecialMarksman3Hit,10,-459.45,-130.9
Animation_Pistols.anm,a__PistolAnimation,AttackSpecialMarksman3Hit,11,-473.45,-116.95
Animation_Pistols.anm,a__PistolAnimation,AttackSpecialMarksman3Hit,12,-485.45,-105.9
Animation_Pistols.anm,a__PistolAnimation,AttackSpecialMarksman3Hit,13,-489.95,-97.1
Animation_Pistols.anm,a__PistolAnimation,AttackSpecialMarksman3Hit,14,-490.75,-87.85
Animation_Pistols.anm,a__PistolAnimation,AttackSpecialMarksman3Hit,15,-452.2,-107.7
Animation_Pistols.anm,a__PistolAnimation,AttackSpecialMarksman3Hit,16,-402.75,-137.7
Animation_Pistols.anm,a__PistolAnimation,AttackSpecialMarksman3Hit,17,-347.6,-163.3
Animation_Pistols.anm,a__PistolAnimation,AttackSpecialMarksman3Hit,18,-347.6,-163.3
Animation_Pistols.anm,a__PistolAnimation,AttackSpecialMarksman3Hit,19,-17.35,-177.6
Animation_Pistols.anm,a__PistolAnimation,AttackSpecialMarksman3Hit,20,325.75,27.45
Animation_Pistols.anm,a__PistolAnimation,AttackSpecialReaper2,30,-47.7,-336.75
Animation_Pistols.anm,a__PistolAnimation,AttackSpecialReaper2,31,-48.7,-421.75
Animation_Pistols.anm,a__PistolAnimation,AttackSpecialReaper2,32,-47.7,-435.75
Animation_Pistols.anm,a__PistolAnimation,AttackSpecialReaper2,33,-49.7,-429.75
Animation_Pistols.anm,a__PistolAnimation,AttackSpecialReaper2,34,-49.7,-426.75
Animation_Pistols.anm,a__PistolAnimation,AttackSpecialReaper2,35,-49.7,-426.75
Animation_Pistols.anm,a__PistolAnimation,AttackSpecialReaper2,36,-49.7,-426.75
Animation_Pistols.anm,a__PistolAnimation,AttackSpecialReaper2,37,-49.7,-426.75
Animation_Pistols.anm,a__PistolAnimation,AttackSpecialReaper2,38,-49.7,-426.75
Animation_Pistols.anm,a__PistolAnimation,AttackSpecialReaper2,39,-49.7,-426.75
Animation_Pistols.anm,a__PistolAnimation,AttackSpecialReaper2,40,-49.7,-426.75
Animation_Pistols.anm,a__PistolAnimation,AttackSpecialReaper2,41,-49.7,-426.75
Animation_Pistols.anm,a__PistolAnimation,AttackSpecialReaper2,42,-49.7,-426.75
Animation_Pistols.anm,a__PistolAnimation,AttackSpecialReaper2Hit,0,-49.7,-426.75
Animation_Pistols.anm,a__PistolAnimation,AttackSpecialReaper2Hit,1,-72.7,-419.75
Animation_Pistols.anm,a__PistolAnimation,AttackSpecialReaper2Hit,2,-85.7,-377.75
Animation_Pistols.anm,a__PistolAnimation,AttackSpecialReaper2Hit,3,-101.7,-361.75
Animation_Pistols.anm,a__PistolAnimation,AttackSpecialReaper2Hit,4,-76.7,-309.75
Animation_Pistols.anm,a__PistolAnimation,AttackSpecialReaper2Hit,5,124.35,-170.7
Animation_Pistols.anm,a__PistolAnimation,AttackSpecialReaper2Hit,6,234.4,-70.65
Animation_Pistols.anm,a__PistolAnimation,AttackSpecialReaper2Hit,7,234.4,-70.65
Animation_Pistols.anm,a__PistolAnimation,AttackSpecialReaper2Hit,8,234.4,-70.65
Animation_Pistols.anm,a__PistolAnimation,AttackSpecialReaper2Hit,9,234.4,-70.65
Animation_Pistols.anm,a__PistolAnimation,AttackSpecialReaper2Hit,10,234.4,-70.65
Animation_Pistols.anm,a__PistolAnimation,AttackSpecialReaper2Hit,11,234.4,-70.65
Animation_Pistols.anm,a__PistolAnimation,AttackSpecialReaper2Hit,12,234.4,-70.65
Animation_Pistols.anm,a__PistolAnimation,AttackSpecialReaper2Hit,13,234.4,-70.65
Animation_Pistols.anm,a__PistolAnimation,AttackSpecialReaper2Hit,14,234.4,-70.65
Animation_Pistols.anm,a__PistolAnimation,AttackSpecialMarksman3SwapEpicDiana,34,274.15,-104
Animation_Pistols.anm,a__PistolAnimation,AttackSpecialMarksman3SwapEpicDiana,35,293.15,-110.5
Animation_Pistols.anm,a__PistolAnimation,AttackSpecialMarksman3SwapEpicDiana,36,308.65,-113.5
Animation_Pistols.anm,a__PistolAnimation,AttackSpecialMarksman3HitSwapEpicDiana,0,-322.7,-113.45
Animation_Pistols.anm,a__PistolAnimation,AttackSpecialMarksman3HitSwapEpicDiana,1,-325.3,-113.25
Animation_Pistols.anm,a__PistolAnimation,AttackSpecialMarksman3HitSwapEpicDiana,2,-327.9,-113.05
Animation_Pistols.anm,a__PistolAnimation,AttackSpecialMarksman3HitSwapEpicDiana,3,-330.5,-112.85
Animation_Pistols.anm,a__PistolAnimation,AttackSpecialMarksman3HitSwapEpicDiana,4,-333.1,-112.65
Animation_Pistols.anm,a__PistolAnimation,AttackSpecialMarksman3HitSwapEpicDiana,5,-335.75,-112.45
Animation_Pistols.anm,a__PistolAnimation,AttackSpecialMarksman3HitSwapEpicDiana,6,-338.35,-112.25
Animation_Pistols.anm,a__PistolAnimation,AttackSpecialMarksman3HitSwapEpicDiana,7,-340.95,-112.05
Animation_Pistols.anm,a__PistolAnimation,AttackSpecialMarksman3HitSwapEpicDiana,8,-382,-123
Animation_Pistols.anm,a__PistolAnimation,AttackSpecialMarksman3HitSwapEpicDiana,9,-424,-129.6
Animation_Pistols.anm,a__PistolAnimation,AttackSpecialMarksman3HitSwapEpicDiana,10,-459.45,-130.9
Animation_Pistols.anm,a__PistolAnimation,AttackSpecialMarksman3HitSwapEpicDiana,11,-473.45,-116.95
Animation_Pistols.anm,a__PistolAnimation,AttackSpecialMarksman3HitSwapEpicDiana,12,-485.45,-105.9
Animation_Pistols.anm,a__PistolAnimation,AttackSpecialMarksman3HitSwapEpicDiana,13,-489.95,-97.1
Animation_Pistols.anm,a__PistolAnimation,AttackSpecialMarksman3HitSwapEpicDiana,14,-490.75,-87.85
Animation_Pistols.anm,a__PistolAnimation,AttackSpecialMarksman3HitSwapEpicDiana,15,-452.2,-107.7
Animation_Pistols.anm,a__PistolAnimation,AttackSpecialMarksman3HitSwapEpicDiana,16,-402.75,-137.7
Animation_Pistols.anm,a__PistolAnimation,AttackSpecialMarksman3HitSwapEpicDiana,17,-347.6,-163.3
Animation_Pistols.anm,a__PistolAnimation,AttackSpecialMarksman3HitSwapEpicDiana,18,-347.6,-163.3
Animation_Pistols.anm,a__PistolAnimation,AttackSpecialMarksman3HitSwapEpicDiana,19,-17.35,-177.6
Animation_Pistols.anm,a__PistolAnimation,AttackSpecialMarksman3HitSwapEpicDiana,20,325.75,27.45
Animation_Pistols.anm,a__PistolAnimation,AttackSpecialReaper2_SwapMythicNix,30,-47.7,-336.75
Animation_Pistols.anm,a__PistolAnimation,AttackSpecialReaper2_SwapMythicNix,31,-48.7,-421.75
Animation_Pistols.anm,a__PistolAnimation,AttackSpecialReaper2_SwapMythicNix,32,-47.7,-435.75
Animation_Pistols.anm,a__PistolAnimation,AttackSpecialReaper2_SwapMythicNix,33,-49.7,-429.75
Animation_Pistols.anm,a__PistolAnimation,AttackSpecialReaper2_SwapMythicNix,34,-49.7,-426.75
Animation_Pistols.anm,a__PistolAnimation,AttackSpecialReaper2_SwapMythicNix,35,-49.7,-426.75
Animation_Pistols.anm,a__PistolAnimation,AttackSpecialReaper2_SwapMythicNix,36,-49.7,-426.75
Animation_Pistols.anm,a__PistolAnimation,AttackSpecialReaper2_SwapMythicNix,37,-49.7,-426.75
Animation_Pistols.anm,a__PistolAnimation,AttackSpecialReaper2_SwapMythicNix,38,-49.7,-426.75
Animation_Pistols.anm,a__PistolAnimation,AttackSpecialReaper2_SwapMythicNix,39,-49.7,-426.75
Animation_Pistols.anm,a__PistolAnimation,AttackSpecialReaper2_SwapMythicNix,40,-49.7,-426.75
Animation_Pistols.anm,a__PistolAnimation,AttackSpecialReaper2_SwapMythicNix,41,-49.7,-426.75
Animation_Pistols.anm,a__PistolAnimation,AttackSpecialReaper2_SwapMythicNix,42,-49.7,-426.75
Animation_Pistols.anm,a__PistolAnimation,AttackSpecialReaper2Hit_SwapMythicNix,0,-49.7,-426.75
Animation_Pistols.anm,a__PistolAnimation,AttackSpecialReaper2Hit_SwapMythicNix,1,-72.7,-419.75
Animation_Pistols.anm,a__PistolAnimation,AttackSpecialReaper2Hit_SwapMythicNix,2,-85.7,-377.75
Animation_Pistols.anm,a__PistolAnimation,AttackSpecialReaper2Hit_SwapMythicNix,3,-101.7,-361.75
Animation_Pistols.anm,a__PistolAnimation,AttackSpecialReaper2Hit_SwapMythicNix,4,-76.7,-309.75
Animation_Pistols.anm,a__PistolAnimation,AttackSpecialReaper2Hit_SwapMythicNix,5,124.35,-170.7
Animation_Pistols.anm,a__PistolAnimation,AttackSpecialReaper2Hit_SwapMythicNix,6,234.4,-70.65
Animation_Pistols.anm,a__PistolAnimation,AttackSpecialReaper2Hit_SwapMythicNix,7,234.4,-70.65
Animation_Pistols.anm,a__PistolAnimation,AttackSpecialReaper2Hit_SwapMythicNix,8,234.4,-70.65
Animation_Pistols.anm,a__PistolAnimation,AttackSpecialReaper2Hit_SwapMythicNix,9,234.4,-70.65
Animation_Pistols.anm,a__PistolAnimation,AttackSpecialReaper2Hit_SwapMythicNix,10,234.4,-70.65
Animation_Pistols.anm,a__PistolAnimation,AttackSpecialReaper2Hit_SwapMythicNix,11,234.4,-70.65
Animation_Pistols.anm,a__PistolAnimation,AttackSpecialReaper2Hit_SwapMythicNix,12,234.4,-70.65
Animation_Pistols.anm,a__PistolAnimation,AttackSpecialReaper2Hit_SwapMythicNix,13,234.4,-70.65
Animation_Pistols.anm,a__PistolAnimation,AttackSpecialReaper2Hit_SwapMythicNix,14,234.4,-70.65
Animation_Scythe.anm,a__ScytheAnimation,AttackGround1Hit,0,-287.1,-7.35
Animation_Scythe.anm,a__ScytheAnimation,AttackGround1Hit,1,-272,-4.5
Animation_Scythe.anm,a__ScytheAnimation,AttackGround1Hit,2,-176.6,-9.8
Animation_Scythe.anm,a__ScytheAnimation,AttackGround1Hit,3,-122.9,-9.8
Animation_Scythe.anm,a__ScytheAnimation,AttackGround1Hit,4,14.75,-5.15
Animation_Scythe.anm,a__ScytheAnimation,AttackGround1aHit,0,281.75,-7.35
Animation_Scythe.anm,a__ScytheAnimation,AttackGround1aHit,1,281.75,-7.35
Animation_Scythe.anm,a__ScytheAnimation,AttackGround1aHit,2,281.75,-7.35
Animation_Scythe.anm,a__ScytheAnimation,AttackGround1aHit,3,281.75,-7.35
Animation_Scythe.anm,a__ScytheAnimation,AttackGround1aHit,4,281.75,-7.35
Animation_Scythe.anm,a__ScytheAnimation,AttackGround1aHit,5,281.75,-7.35
Animation_Scythe.anm,a__ScytheAnimation,AttackAir1,4,197.95,-184
Animation_Scythe.anm,a__ScytheAnimation,AttackAir1,5,194.5,-194.1
Animation_Scythe.anm,a__ScytheAnimation,AttackAir1,6,182.85,-198.2
Animation_Scythe.anm,a__ScytheAnimation,AttackAir1Hit2Reverse,0,-25.9,-25.75
Animation_Scythe.anm,a__ScytheAnimation,AttackAir1Hit2Reverse,1,-13.75,-32.55
Animation_Scythe.anm,a__ScytheAnimation,AttackAir1Hit2Reverse,2,-0.85,-36.05
Animation_Scythe.anm,a__ScytheAnimation,AttackAir1Hit2Reverse,3,29.7,-41.95
Animation_Scythe.anm,a__ScytheAnimation,AttackAir1Hit2Reverse,4,65.75,-40.65
Animation_Scythe.anm,a__ScytheAnimation,AttackAir1Hit2Reverse,5,70.85,-37.1
Animation_Scythe.anm,a__ScytheAnimation,AttackAir1Hit2Reverse,6,106.3,-33.4
Animation_Scythe.anm,a__ScytheAnimation,AttackAir1Hit3,0,142.3,-128.45
Animation_Scythe.anm,a__ScytheAnimation,AttackAir1Hit3,1,88.75,-99.1
Animation_Scythe.anm,a__ScytheAnimation,AttackAir1Hit3,2,40,-43.2
Animation_Scythe.anm,a__ScytheAnimation,AttackAir1Hit3,3,38.65,-27.5
Animation_Scythe.anm,a__ScytheAnimation,AttackAir1Hit3,4,38.65,-27.5
Animation_Scythe.anm,a__ScytheAnimation,AttackAir1Hit3,5,109.65,-106.5
Animation_Scythe.anm,a__ScytheAnimation,AttackAir9,4,163.15,121.1
Animation_Scythe.anm,a__ScytheAnimation,AttackAir9,5,170.1,116.45
Animation_Scythe.anm,a__ScytheAnimation,AttackAir9AltHit,0,163.15,121.1
Animation_Scythe.anm,a__ScytheAnimation,AttackAir9AltHit,1,114.3,150.35
Animation_Scythe.anm,a__ScytheAnimation,AttackAir9AltHit,2,-43.45,140.75
Animation_Scythe.anm,a__ScytheAnimation,AttackAir9AltHit,3,-129.85,94
Animation_Scythe.anm,a__ScytheAnimation,AttackAir9AltHit,4,-180.75,24.9
Animation_Scythe.anm,a__ScytheAnimation,AttackAir9AltHit,5,-178.85,-49
Animation_Scythe.anm,a__ScytheAnimation,AttackAir9AltHit,6,-141.7,-43.15
Animation_Scythe.anm,a__ScytheAnimation,AttackAir9AltHit,7,-35.7,-3.15
Animation_Scythe.anm,a__ScytheAnimation,AttackAir9AltHit,8,182.55,88.8
Animation_Scythe.anm,a__ScytheAnimation,AttackAir9AltHitReverse,0,-176.25,102.55
Animation_Scythe.anm,a__ScytheAnimation,AttackAir9AltHitReverse,1,-180,87.6
Animation_Scythe.anm,a__ScytheAnimation,AttackAir9AltHitReverse,2,-180,87.6
Animation_Scythe.anm,a__ScytheAnimation,AttackAir9AltHitReverse,3,-180.75,24.9
Animation_Scythe.anm,a__ScytheAnimation,AttackAir9AltHitReverse,4,-192.5,-15.9
Animation_Scythe.anm,a__ScytheAnimation,AttackAir9AltHitReverse,5,-122.9,-36.75
Animation_Scythe.anm,a__ScytheAnimation,AttackAir9AltHitReverse,6,-33.9,-7.75
Animation_Scythe.anm,a__ScytheAnimation,AttackAir9AltHitReverse,7,182.55,88.8
Animation_Scythe.anm,a__ScytheAnimation,AttackAir9AltHitGround,0,163.15,121.1
Animation_Scythe.anm,a__ScytheAnimation,AttackAir9AltHitGround,1,-81.35,5.75
Animation_Scythe.anm,a__ScytheAnimation,AttackAir9AltHitGround,2,-132.35,-1.75
Animation_Scythe.anm,a__ScytheAnimation,AttackAir9AltHitGround,3,-191.2,-4.35
Animation_Scythe.anm,a__ScytheAnimation,AttackAir9AltHitGround,4,-203.1,-47.25
Animation_Scythe.anm,a__ScytheAnimation,AttackAir9AltHitGround,5,-146.4,-51.75
Animation_Scythe.anm,a__ScytheAnimation,AttackAir9AltHitGround,6,-27.4,-38.75
Animation_Scythe.anm,a__ScytheAnimation,AttackAir9AltHitGround,7,247.9,-5.75
Animation_Scythe.anm,a__ScytheAnimation,AttackAir9AltHitReverseGround,0,-150.65,121.1
Animation_Scythe.anm,a__ScytheAnimation,AttackAir9AltHitReverseGround,1,-212.4,33.7
Animation_Scythe.anm,a__ScytheAnimation,AttackAir9AltHitReverseGround,2,-191.2,-4.35
Animation_Scythe.anm,a__ScytheAnimation,AttackAir9AltHitReverseGround,3,-203.1,-47.25
Animation_Scythe.anm,a__ScytheAnimation,AttackAir9AltHitReverseGround,4,-136.4,-51.75
Animation_Scythe.anm,a__ScytheAnimation,AttackAir9AltHitReverseGround,5,-32.4,-51.75
Animation_Scythe.anm,a__ScytheAnimation,AttackAir9AltHitReverseGround,6,247.9,-5.75
Animation_Scythe.anm,a__ScytheAnimation,AttackSpecialEgyptian10Hit,0,146.75,-214.9
Animation_Scythe.anm,a__ScytheAnimation,AttackSpecialEgyptian10Hit,1,146.75,-214.9
Animation_Scythe.anm,a__ScytheAnimation,AttackSpecialEgyptian10Hit,2,146.75,-214.9
Animation_Scythe.anm,a__ScytheAnimation,AttackSpecialEgyptian10Hit,3,146.75,-214.9
Animation_Scythe.anm,a__ScytheAnimation,AttackSpecialEgyptian10Hit,4,146.75,-214.9
Animation_Scythe.anm,a__ScytheAnimation,AttackSpecialEgyptian10Hit,5,146.75,-214.9
Animation_Scythe.anm,a__ScytheAnimation,AttackSpecialEgyptian10Hit,6,146.75,-214.9
Animation_Scythe.anm,a__ScytheAnimation,AttackSpecialEgyptian10Hit,7,146.75,-214.9
Animation_Scythe.anm,a__ScytheAnimation,AttackSpecialReaper3,0,283.9,-371.9
Animation_Scythe.anm,a__ScytheAnimation,AttackSpecialReaper3,1,283.9,-371.9
Animation_Scythe.anm,a__ScytheAnimation,AttackSpecialReaper3,2,283.9,-371.9
Animation_Scythe.anm,a__ScytheAnimation,AttackSpecialReaper3,3,283.9,-371.9
Animation_Scythe.anm,a__ScytheAnimation,AttackSpecialReaper3,4,283.9,-371.9
Animation_Scythe.anm,a__ScytheAnimation,AttackSpecialReaper3,5,283.9,-371.9
Animation_Scythe.anm,a__ScytheAnimation,AttackSpecialReaper3,6,283.9,-371.9
Animation_Scythe.anm,a__ScytheAnimation,AttackSpecialReaper3,7,283.9,-371.9
Animation_Scythe.anm,a__ScytheAnimation,AttackSpecialReaper3,8,283.9,-371.9
Animation_Scythe.anm,a__ScytheAnimation,AttackSpecialReaper3,9,283.9,-371.9
Animation_Scythe.anm,a__ScytheAnimation,AttackSpecialReaper3,10,283.9,-371.9
Animation_Scythe.anm,a__ScytheAnimation,AttackSpecialReaper3,11,283.9,-371.9
Animation_Scythe.anm,a__ScytheAnimation,AttackSpecialReaper3,12,283.9,-371.9
Animation_Scythe.anm,a__ScytheAnimation,AttackSpecialReaper3,13,283.9,-371.9
Animation_Scythe.anm,a__ScytheAnimation,AttackSpecialReaper3,14,283.9,-371.9
Animation_Scythe.anm,a__ScytheAnimation,AttackSpecialReaper3,15,283.9,-371.9
Animation_Scythe.anm,a__ScytheAnimation,AttackSpecialReaper3,16,283.9,-371.9
Animation_Scythe.anm,a__ScytheAnimation,AttackSpecialReaper3,17,283.9,-371.9
Animation_Scythe.anm,a__ScytheAnimation,AttackSpecialReaper3,18,283.9,-371.9
Animation_Scythe.anm,a__ScytheAnimation,AttackSpecialReaper3,19,283.9,-371.9
Animation_Scythe.anm,a__ScytheAnimation,AttackSpecialReaper3,20,283.9,-371.9
Animation_Scythe.anm,a__ScytheAnimation,AttackSpecialReaper3,21,283.9,-371.9
Animation_Scythe.anm,a__ScytheAnimation,AttackSpecialReaper3,22,283.9,-371.9
Animation_Scythe.anm,a__ScytheAnimation,AttackSpecialReaper3,23,283.9,-371.9
Animation_Scythe.anm,a__ScytheAnimation,AttackSpecialReaper3,24,283.9,-371.9
Animation_Scythe.anm,a__ScytheAnimation,AttackSpecialReaper3,25,283.9,-371.9
Animation_Scythe.anm,a__ScytheAnimation,AttackSpecialReaper3,26,283.9,-371.9
Animation_Scythe.anm,a__ScytheAnimation,AttackSpecialReaper3,27,283.9,-371.9
Animation_Scythe.anm,a__ScytheAnimation,AttackSpecialReaper3,28,283.9,-371.9
Animation_Scythe.anm,a__ScytheAnimation,AttackSpecialReaper3,29,283.9,-371.9
Animation_Scythe.anm,a__ScytheAnimation,AttackSpecialReaper3,30,283.9,-371.9
Animation_Scythe.anm,a__ScytheAnimation,AttackSpecialReaper3,31,283.9,-371.9
Animation_Scythe.anm,a__ScytheAnimation,AttackSpecialReaper3,32,301.25,-381.2
Animation_Scythe.anm,a__ScytheAnimation,AttackSpecialReaper3,33,275.9,-370.55
Animation_Scythe.anm,a__ScytheAnimation,AttackSpecialReaper3,34,277.9,-379.2
Animation_Scythe.anm,a__ScytheAnimation,AttackSpecialReaper3Hit,0,284.5,-400.15
Animation_Scythe.anm,a__ScytheAnimation,AttackSpecialReaper3Hit,1,289.25,-407.2
Animation_Scythe.anm,a__ScytheAnimation,AttackSpecialReaper3Hit,2,292.2,-409.65
Animation_Scythe.anm,a__ScytheAnimation,AttackSpecialReaper3Hit,3,294.9,-411
Animation_Scythe.anm,a__ScytheAnimation,AttackSpecialReaper3Hit,4,300.3,-411
Animation_Scythe.anm,a__ScytheAnimation,AttackSpecialReaper3Hit,5,310.45,-410.15
Animation_Scythe.anm,a__ScytheAnimation,AttackSpecialReaper3Hit,6,321.85,-400.95
Animation_Scythe.anm,a__ScytheAnimation,AttackSpecialReaper3Hit,7,322.9,-384.95
Animation_Scythe.anm,a__ScytheAnimation,AttackSpecialReaper3Hit,8,317.85,-375.65
Animation_Scythe.anm,a__ScytheAnimation,AttackSpecialReaper3Hit,9,312.45,-371.3
Animation_Scythe.anm,a__ScytheAnimation,AttackSpecialReaper3Hit,10,306.1,-368.3
Animation_Scythe.anm,a__ScytheAnimation,AttackSpecialReaper3Hit,11,283.75,-359.4
Animation_Scythe.anm,a__ScytheAnimation,AttackSpecialReaper3Hit,12,244.25,-347.75
Animation_Scythe.anm,a__ScytheAnimation,AttackSpecialReaper3Hit,13,190.5,-328.85
Animation_Scythe.anm,a__ScytheAnimation,AttackSpecialReaper3Hit,14,130.65,-288.45
Animation_Scythe.anm,a__ScytheAnimation,AttackSpecialReaper3Hit,15,90.2,-209.9
Animation_Scythe.anm,a__ScytheAnimation,AttackSpecialWerewolf20,34,205.6,-1.15
Animation_Scythe.anm,a__ScytheAnimation,AttackSpecialWerewolf20,35,203.65,-43.4
Animation_Scythe.anm,a__ScytheAnimation,AttackSpecialWerewolf20,36,204.5,-83.6
Animation_Scythe.anm,a__ScytheAnimation,AttackSpecialWerewolf20Hit,0,-204.55,-83.6
Animation_Scythe.anm,a__ScytheAnimation,AttackSpecialWerewolf20Hit,1,-209.7,-84.4
Animation_Scythe.anm,a__ScytheAnimation,AttackSpecialWerewolf20Hit,2,-220.2,-73.75
Animation_Scythe.anm,a__ScytheAnimation,AttackSpecialWerewolf20Hit,3,-248,-65.05
Animation_Scythe.anm,a__ScytheAnimation,AttackSpecialWerewolf20Hit,4,-252.05,-43.95
Animation_Scythe.anm,a__ScytheAnimation,AttackSpecialWerewolf20Hit,5,-195.35,-32.85
Animation_Scythe.anm,a__ScytheAnimation,AttackSpecialWerewolf20Hit,6,-154.15,-19.75
Animation_Scythe.anm,a__ScytheAnimation,AttackSpecialWerewolf20Hit,7,286.15,-41.9
Animation_Scythe.anm,a__ScytheAnimation,AttackSpecialWerewolf20Active,0,204.5,-83.6
Animation_Scythe.anm,a__ScytheAnimation,AttackSpecialWerewolf20Active,1,193.2,-93.35
Animation_Scythe.anm,a__ScytheAnimation,AttackSpecialWerewolf20Active,2,193.2,-93.35
Animation_Scythe.anm,a__ScytheAnimation,AttackSpecialWerewolf20Active,3,92.5,-189.4
Animation_Scythe.anm,a__ScytheAnimation,AttackSpecialWerewolf20Active,4,-2.5,-197.7
Animation_Scythe.anm,a__ScytheAnimation,AttackSpecialWerewolf20Active,5,-45.05,-196.2
Animation_Scythe.anm,a__ScytheAnimation,AttackSpecialWerewolf20Active,6,-101.55,-183.5
Animation_Scythe.anm,a__ScytheAnimation,AttackSpecialWerewolf20Active,7,-173,-167.1
Animation_Scythe.anm,a__ScytheAnimation,AttackSpecialWerewolf20Active,8,-188,-131.25
Animation_Scythe.anm,a__ScytheAnimation,AttackSpecialWerewolf20Active,9,-188,-131.25
Animation_Scythe.anm,a__ScytheAnimation,AttackSpecialWerewolf20Active,10,227.25,-21.35
Animation_Scythe.anm,a__ScytheAnimation,AttackSpecialSpacehunter11,34,241.95,-0.05
Animation_Scythe.anm,a__ScytheAnimation,AttackSpecialSpacehunter11,35,229.5,-35
Animation_Scythe.anm,a__ScytheAnimation,AttackSpecialSpacehunter11,36,223.2,-50.45
Animation_Scythe.anm,a__ScytheAnimation,AttackSpecialSpacehunter11Hit,0,223.2,-50.45
Animation_Scythe.anm,a__ScytheAnimation,AttackSpecialSpacehunter11Hit,1,215.2,-73.45
Animation_Scythe.anm,a__ScytheAnimation,AttackSpecialSpacehunter11Hit,2,205.2,-89.45
Animation_Scythe.anm,a__ScytheAnimation,AttackSpecialSpacehunter11Hit,3,195.2,-100.45
Animation_Scythe.anm,a__ScytheAnimation,AttackSpecialSpacehunter11Hit,4,185.2,-104.45
Animation_Scythe.anm,a__ScytheAnimation,AttackSpecialSpacehunter11Hit,5,180.2,-100.45
Animation_Scythe.anm,a__ScytheAnimation,AttackSpecialSpacehunter11Hit,6,180.2,-100.45
Animation_Scythe.anm,a__ScytheAnimation,AttackSpecialSpacehunter11Hit,7,180.4,-96.05
Animation_Scythe.anm,a__ScytheAnimation,AttackSpecialSpacehunter11Hit,8,180.4,-96.05
Animation_Scythe.anm,a__ScytheAnimation,AttackSpecialSpacehunter11Hit,9,180.4,-96.05
Animation_Scythe.anm,a__ScytheAnimation,AttackSpecialSpacehunter11Hit,10,180.4,-96.05
Animation_Scythe.anm,a__ScytheAnimation,AttackSpecialSpacehunter11Hit,11,180.4,-96.05
Animation_Scythe.anm,a__ScytheAnimation,AttackSpecialShinobi3,0,447.55,157.05
Animation_Scythe.anm,a__ScytheAnimation,AttackSpecialShinobi3,1,447.55,157.05
Animation_Scythe.anm,a__ScytheAnimation,AttackSpecialShinobi3,2,447.55,157.05
Animation_Scythe.anm,a__ScytheAnimation,AttackSpecialShinobi3,3,447.55,157.05
Animation_Scythe.anm,a__ScytheAnimation,AttackSpecialShinobi3,4,447.55,157.05
Animation_Scythe.anm,a__ScytheAnimation,AttackSpecialShinobi3,5,447.55,157.05
Animation_Scythe.anm,a__ScytheAnimation,AttackSpecialShinobi3,6,447.55,157.05
Animation_Scythe.anm,a__ScytheAnimation,AttackSpecialShinobi3,7,447.55,157.05
Animation_Scythe.anm,a__ScytheAnimation,AttackSpecialShinobi3,8,447.55,157.05
Animation_Scythe.anm,a__ScytheAnimation,AttackSpecialShinobi3,9,447.55,157.05
Animation_Scythe.anm,a__ScytheAnimation,AttackSpecialShinobi3,10,447.55,157.05
Animation_Scythe.anm,a__ScytheAnimation,AttackSpecialShinobi3,11,447.55,157.05
Animation_Scythe.anm,a__ScytheAnimation,AttackSpecialShinobi3,12,447.55,157.05
Animation_Scythe.anm,a__ScytheAnimation,AttackSpecialShinobi3,13,447.55,157.05
Animation_Scythe.anm,a__ScytheAnimation,AttackSpecialShinobi3,14,447.55,157.05
Animation_Scythe.anm,a__ScytheAnimation,AttackSpecialShinobi3,15,447.55,157.05
Animation_Scythe.anm,a__ScytheAnimation,AttackSpecialShinobi3,16,447.55,157.05
Animation_Scythe.anm,a__ScytheAnimation,AttackSpecialShinobi3,17,447.55,157.05
Animation_Scythe.anm,a__ScytheAnimation,AttackSpecialShinobi3,18,447.55,157.05
Animation_Scythe.anm,a__ScytheAnimation,AttackSpecialShinobi3,19,447.55,157.05
Animation_Scythe.anm,a__ScytheAnimation,AttackSpecialShinobi3,20,447.55,157.05
Animation_Scythe.anm,a__ScytheAnimation,AttackSpecialShinobi3,21,447.55,157.05
Animation_Scythe.anm,a__ScytheAnimation,AttackSpecialShinobi3,22,447.55,157.05
Animation_Scythe.anm,a__ScytheAnimation,AttackSpecialShinobi3,23,447.55,157.05
Animation_Scythe.anm,a__ScytheAnimation,AttackSpecialShinobi3,24,447.55,157.05
Animation_Scythe.anm,a__ScytheAnimation,AttackSpecialShinobi3,25,447.55,157.05
Animation_Scythe.anm,a__ScytheAnimation,AttackSpecialShinobi3,26,447.55,157.05
Animation_Scythe.anm,a__ScytheAnimation,AttackSpecialShinobi3,27,447.55,157.05
Animation_Scythe.anm,a__ScytheAnimation,AttackSpecialShinobi3,28,447.55,157.05
Animation_Scythe.anm,a__ScytheAnimation,AttackSpecialShinobi3,29,447.55,157.05
Animation_Scythe.anm,a__ScytheAnimation,AttackSpecialShinobi3,30,447.55,157.05
Animation_Scythe.anm,a__ScytheAnimation,AttackSpecialShinobi3,31,447.55,157.05
Animation_Scythe.anm,a__ScytheAnimation,AttackSpecialShinobi3,32,447.55,157.05
Animation_Scythe.anm,a__ScytheAnimation,AttackSpecialShinobi3,33,447.55,157.05
Animation_Scythe.anm,a__ScytheAnimation,AttackSpecialShinobi3,34,447.55,157.05
Animation_Scythe.anm,a__ScytheAnimation,AttackSpecialShinobi3,35,447.55,157.05
Animation_Scythe.anm,a__ScytheAnimation,AttackSpecialShinobi3,36,447.55,157.05
Animation_Scythe.anm,a__ScytheAnimation,AttackSpecialShinobi3,37,447.55,157.05
Animation_Scythe.anm,a__ScytheAnimation,AttackSpecialShinobi3,38,447.55,157.05
Animation_Scythe.anm,a__ScytheAnimation,AttackSpecialShinobi3,39,447.55,157.05
Animation_Scythe.anm,a__ScytheAnimation,AttackSpecialShinobi3,40,447.55,157.05
Animation_Scythe.anm,a__ScytheAnimation,AttackSpecialShinobi3,41,447.55,157.05
Animation_Scythe.anm,a__ScytheAnimation,AttackSpecialShinobi3,42,447.55,157.05
Animation_Scythe.anm,a__ScytheAnimation,AttackSpecialShinobi3,43,447.55,157.05
Animation_Scythe.anm,a__ScytheAnimation,AttackSpecialShinobi3,44,447.55,157.05
Animation_Scythe.anm,a__ScytheAnimation,AttackSpecialShinobi3Hit,0,433.5,150
Animation_Scythe.anm,a__ScytheAnimation,AttackSpecialShinobi3Hit,1,162.5,119.55
Animation_Scythe.anm,a__ScytheAnimation,AttackSpecialShinobi3Hit,2,119.45,91.55
Animation_Scythe.anm,a__ScytheAnimation,AttackSpecialShinobi3Hit,3,102.45,80.55
Animation_Scythe.anm,a__ScytheAnimation,AttackSpecialShinobi3Hit,4,95.45,76.5
Animation_Scythe.anm,a__ScytheAnimation,AttackSpecialShinobi3Hit,5,95.45,76.5
Animation_Scythe.anm,a__ScytheAnimation,AttackSpecialShinobi3Hit,6,95.45,76.5
Animation_Scythe.anm,a__ScytheAnimation,AttackSpecialVampLord02,32,178.85,-41.55
Animation_Scythe.anm,a__ScytheAnimation,AttackSpecialVampLord02,33,178.85,-41.55
Animation_Scythe.anm,a__ScytheAnimation,AttackSpecialVampLord02,34,319.4,-39.3
Animation_Scythe.anm,a__ScytheAnimation,AttackSpecialVampLord02,35,319.4,-39.3
Animation_Scythe.anm,a__ScytheAnimation,AttackSpecialVampLord02,36,319.4,-39.3
Animation_Scythe.anm,a__ScytheAnimation,AttackSpecialVampLord02,37,319.4,-39.3
Animation_Scythe.anm,a__ScytheAnimation,AttackSpecialVampLord01Hit,0,301.1,150.2
Animation_Scythe.anm,a__ScytheAnimation,AttackSpecialVampLord01Hit,1,301.1,150.2
Animation_Scythe.anm,a__ScytheAnimation,AttackSpecialVampLord01Hit,2,296.1,129.2
Animation_Scythe.anm,a__ScytheAnimation,AttackSpecialVampLord01Hit,3,296.1,129.2
Animation_Scythe.anm,a__ScytheAnimation,AttackSpecialVampLord01Hit,4,274.25,5.45
Animation_Scythe.anm,a__ScytheAnimation,AttackSpecialVampLord01Hit,5,274.25,5.45
Animation_Scythe.anm,a__ScytheAnimation,AttackSpecialVampLord01Hit,6,261.15,-38.2
Animation_Scythe.anm,a__ScytheAnimation,AttackSpecialVampLord01Hit,7,261.15,-38.2
Animation_Scythe.anm,a__ScytheAnimation,AttackSpecialVampLord01Hit,8,240.75,-46.95
Animation_Scythe.anm,a__ScytheAnimation,AttackSpecialVampLord01Hit,9,240.75,-46.95
Animation_Scythe.anm,a__ScytheAnimation,AttackSpecialVampLord01Hit,10,240.75,-46.95
Animation_Scythe.anm,a__ScytheAnimation,AttackSpecialVampLord01WallHit,0,-225.3,150.2
Animation_Scythe.anm,a__ScytheAnimation,AttackSpecialVampLord01WallHit,1,-225.3,150.2
Animation_Scythe.anm,a__ScytheAnimation,AttackSpecialVampLord01WallHit,2,-221.05,152.8
Animation_Scythe.anm,a__ScytheAnimation,AttackSpecialVampLord01WallHit,3,-221.05,152.8
Animation_Scythe.anm,a__ScytheAnimation,AttackSpecialVampLord01WallHit,4,-209.05,63.1
Animation_Scythe.anm,a__ScytheAnimation,AttackSpecialVampLord01WallHit,5,-209.05,63.1
Animation_Scythe.anm,a__ScytheAnimation,AttackSpecialVampLord01WallHit,6,-196.3,-19.75
Animation_Scythe.anm,a__ScytheAnimation,AttackSpecialVampLord01WallHit,7,-196.3,-19.75
Animation_Scythe.anm,a__ScytheAnimation,AttackSpecialVampLord01WallHit,8,-202.3,-33.4
Animation_Scythe.anm,a__ScytheAnimation,AttackSpecialVampLord01WallHit,9,-202.3,-33.4
Animation_Scythe.anm,a__ScytheAnimation,AttackSpecialVampLord01WallHit,10,-202.3,-33.4
Animation_Scythe.anm,a__ScytheAnimation,AttackSpecialVampLord01WallHit,11,-207.4,-33.4
Animation_Scythe.anm,a__ScytheAnimation,AttackSpecialVampLord01WallHit,12,-207.4,-33.4
Animation_Scythe.anm,a__ScytheAnimation,AttackSpecialVampLord01WallHit,13,-207.4,-33.4
Animation_Scythe.anm,a__ScytheAnimation,AttackSpecialVampLord01WallHit,14,-124.85,-33.4
Animation_Scythe.anm,a__ScytheAnimation,AttackSpecialVampLord01WallHit,15,-2.45,-30.6
Animation_Scythe.anm,a__ScytheAnimation,AttackSpecialShinobi3HitSwapLeo,0,433.5,150
Animation_Scythe.anm,a__ScytheAnimation,AttackSpecialShinobi3HitSwapLeo,1,162.5,119.55
Animation_Scythe.anm,a__ScytheAnimation,AttackSpecialShinobi3HitSwapLeo,2,119.45,91.55
Animation_Scythe.anm,a__ScytheAnimation,AttackSpecialShinobi3HitSwapLeo,3,102.45,80.55
Animation_Scythe.anm,a__ScytheAnimation,AttackSpecialShinobi3HitSwapLeo,4,95.45,76.5
Animation_Scythe.anm,a__ScytheAnimation,AttackSpecialShinobi3HitSwapLeo,5,95.45,76.5
Animation_Scythe.anm,a__ScytheAnimation,AttackSpecialShinobi3HitSwapLeo,6,95.45,76.5
Animation_Scythe.anm,a__ScytheAnimation,AttackSpecialVampLord02_SwapWarlock,32,178.85,-41.55
Animation_Scythe.anm,a__ScytheAnimation,AttackSpecialVampLord02_SwapWarlock,33,178.85,-41.55
Animation_Scythe.anm,a__ScytheAnimation,AttackSpecialVampLord02_SwapWarlock,34,319.4,-39.3
Animation_Scythe.anm,a__ScytheAnimation,AttackSpecialVampLord02_SwapWarlock,35,319.4,-39.3
Animation_Scythe.anm,a__ScytheAnimation,AttackSpecialVampLord02_SwapWarlock,36,319.4,-39.3
Animation_Scythe.anm,a__ScytheAnimation,AttackSpecialVampLord02_SwapWarlock,37,319.4,-39.3
Animation_Scythe.anm,a__ScytheAnimation,AttackSpecialVampLord01Hit_SwapWarlock,0,301.1,150.2
Animation_Scythe.anm,a__ScytheAnimation,AttackSpecialVampLord01Hit_SwapWarlock,1,301.1,150.2
Animation_Scythe.anm,a__ScytheAnimation,AttackSpecialVampLord01Hit_SwapWarlock,2,296.1,129.2
Animation_Scythe.anm,a__ScytheAnimation,AttackSpecialVampLord01Hit_SwapWarlock,3,296.1,129.2
Animation_Scythe.anm,a__ScytheAnimation,AttackSpecialVampLord01Hit_SwapWarlock,4,274.25,5.45
Animation_Scythe.anm,a__ScytheAnimation,AttackSpecialVampLord01Hit_SwapWarlock,5,274.25,5.45
Animation_Scythe.anm,a__ScytheAnimation,AttackSpecialVampLord01Hit_SwapWarlock,6,261.15,-38.2
Animation_Scythe.anm,a__ScytheAnimation,AttackSpecialVampLord01Hit_SwapWarlock,7,261.15,-38.2
Animation_Scythe.anm,a__ScytheAnimation,AttackSpecialVampLord01Hit_SwapWarlock,8,240.75,-46.95
Animation_Scythe.anm,a__ScytheAnimation,AttackSpecialVampLord01Hit_SwapWarlock,9,240.75,-46.95
Animation_Scythe.anm,a__ScytheAnimation,AttackSpecialVampLord01Hit_SwapWarlock,10,240.75,-46.95
Animation_Scythe.anm,a__ScytheAnimation,AttackSpecialVampLord01WallHit_SwapWarlock,0,-225.3,150.2
Animation_Scythe.anm,a__ScytheAnimation,AttackSpecialVampLord01WallHit_SwapWarlock,1,-225.3,150.2
Animation_Scythe.anm,a__ScytheAnimation,AttackSpecialVampLord01WallHit_SwapWarlock,2,-221.05,152.8
Animation_Scythe.anm,a__ScytheAnimation,AttackSpecialVampLord01WallHit_SwapWarlock,3,-221.05,152.8
Animation_Scythe.anm,a__ScytheAnimation,AttackSpecialVampLord01WallHit_SwapWarlock,4,-209.05,63.1
Animation_Scythe.anm,a__ScytheAnimation,AttackSpecialVampLord01WallHit_SwapWarlock,5,-209.05,63.1
Animation_Scythe.anm,a__ScytheAnimation,AttackSpecialVampLord01WallHit_SwapWarlock,6,-196.3,-19.75
Animation_Scythe.anm,a__ScytheAnimation,AttackSpecialVampLord01WallHit_SwapWarlock,7,-196.3,-19.75
Animation_Scythe.anm,a__ScytheAnimation,AttackSpecialVampLord01WallHit_SwapWarlock,8,-202.3,-33.4
Animation_Scythe.anm,a__ScytheAnimation,AttackSpecialVampLord01WallHit_SwapWarlock,9,-202.3,-33.4
Animation_Scythe.anm,a__ScytheAnimation,AttackSpecialVampLord01WallHit_SwapWarlock,10,-202.3,-33.4
Animation_Scythe.anm,a__ScytheAnimation,AttackSpecialVampLord01WallHit_SwapWarlock,11,-207.4,-33.4
Animation_Scythe.anm,a__ScytheAnimation,AttackSpecialVampLord01WallHit_SwapWarlock,12,-207.4,-33.4
Animation_Scythe.anm,a__ScytheAnimation,AttackSpecialVampLord01WallHit_SwapWarlock,13,-207.4,-33.4
Animation_Scythe.anm,a__ScytheAnimation,AttackSpecialVampLord01WallHit_SwapWarlock,14,-124.85,-33.4
Animation_Scythe.anm,a__ScytheAnimation,AttackSpecialVampLord01WallHit_SwapWarlock,15,-2.45,-30.6
Animation_Scythe.anm,a__ScytheAnimation,AttackSpecialWerewolf20_SwapEpicMordex,34,205.6,-1.15
Animation_Scythe.anm,a__ScytheAnimation,AttackSpecialWerewolf20_SwapEpicMordex,35,203.65,-43.4
Animation_Scythe.anm,a__ScytheAnimation,AttackSpecialWerewolf20_SwapEpicMordex,36,204.5,-83.6
Animation_Scythe.anm,a__ScytheAnimation,AttackSpecialWerewolf20Active_SwapEpicMordex,0,204.5,-83.6
Animation_Scythe.anm,a__ScytheAnimation,AttackSpecialWerewolf20Active_SwapEpicMordex,1,193.2,-93.35
Animation_Scythe.anm,a__ScytheAnimation,AttackSpecialWerewolf20Active_SwapEpicMordex,2,193.2,-93.35
Animation_Scythe.anm,a__ScytheAnimation,AttackSpecialWerewolf20Active_SwapEpicMordex,3,92.5,-189.4
Animation_Scythe.anm,a__ScytheAnimation,AttackSpecialWerewolf20Active_SwapEpicMordex,4,-2.5,-197.7
Animation_Scythe.anm,a__ScytheAnimation,AttackSpecialWerewolf20Active_SwapEpicMordex,5,-45.05,-196.2
Animation_Scythe.anm,a__ScytheAnimation,AttackSpecialWerewolf20Active_SwapEpicMordex,6,-101.55,-183.5
Animation_Scythe.anm,a__ScytheAnimation,AttackSpecialWerewolf20Active_SwapEpicMordex,7,-173,-167.1
Animation_Scythe.anm,a__ScytheAnimation,AttackSpecialWerewolf20Active_SwapEpicMordex,8,-188,-131.25
Animation_Scythe.anm,a__ScytheAnimation,AttackSpecialWerewolf20Active_SwapEpicMordex,9,-188,-131.25
Animation_Scythe.anm,a__ScytheAnimation,AttackSpecialWerewolf20Active_SwapEpicMordex,10,227.25,-21.35
Animation_Scythe.anm,a__ScytheAnimation,AttackSpecialWerewolf20Hit_SwapEpicMordex,0,-204.55,-83.6
Animation_Scythe.anm,a__ScytheAnimation,AttackSpecialWerewolf20Hit_SwapEpicMordex,1,-209.7,-84.4
Animation_Scythe.anm,a__ScytheAnimation,AttackSpecialWerewolf20Hit_SwapEpicMordex,2,-220.2,-73.75
Animation_Scythe.anm,a__ScytheAnimation,AttackSpecialWerewolf20Hit_SwapEpicMordex,3,-248,-65.05
Animation_Scythe.anm,a__ScytheAnimation,AttackSpecialWerewolf20Hit_SwapEpicMordex,4,-252.05,-43.95
Animation_Scythe.anm,a__ScytheAnimation,AttackSpecialWerewolf20Hit_SwapEpicMordex,5,-195.35,-32.85
Animation_Scythe.anm,a__ScytheAnimation,AttackSpecialWerewolf20Hit_SwapEpicMordex,6,-154.15,-19.75
Animation_Scythe.anm,a__ScytheAnimation,AttackSpecialWerewolf20Hit_SwapEpicMordex,7,286.15,-41.9
Animation_Scythe.anm,a__ScytheAnimation,AttackSpecialLoki01,34,219.75,-339.2
Animation_Scythe.anm,a__ScytheAnimation,AttackSpecialLoki01,35,219.75,-339.2
Animation_Scythe.anm,a__ScytheAnimation,AttackSpecialLoki01,36,219.75,-339.2
Animation_Scythe.anm,a__ScytheAnimation,AttackSpecialLoki01,37,219.75,-339.2
Animation_Scythe.anm,a__ScytheAnimation,AttackSpecialLoki01Hit,0,-221.2,-356.7
Animation_Scythe.anm,a__ScytheAnimation,AttackSpecialLoki01Hit,1,-175.2,-318.7
Animation_Scythe.anm,a__ScytheAnimation,AttackSpecialLoki01Hit,2,-175.2,-318.7
Animation_Scythe.anm,a__ScytheAnimation,AttackSpecialLoki01Hit,3,-107.2,-273.7
Animation_Scythe.anm,a__ScytheAnimation,AttackSpecialLoki01Hit,4,-63.2,-242.7
Animation_Scythe.anm,a__ScytheAnimation,AttackSpecialLoki01Hit,5,-77.7,-30.25
Animation_Scythe.anm,a__ScytheAnimation,AttackSpecialLoki01Hit,6,-25.7,-10.75
Animation_Scythe.anm,a__ScytheAnimation,AttackSpecialLoki01HitAI,0,-25.7,-6.75
Animation_Scythe.anm,a__ScytheAnimation,AttackSpecialLoki01HitAI,1,66.3,-10.7
Animation_Scythe.anm,a__ScytheAnimation,AttackSpecialLoki01Wall,34,89.55,-276.2
Animation_Scythe.anm,a__ScytheAnimation,AttackSpecialLoki01Wall,35,-40.5,-266.2
Animation_Scythe.anm,a__ScytheAnimation,AttackSpecialLoki01Wall,36,-40.5,-266.2
Animation_Scythe.anm,a__ScytheAnimation,AttackSpecialLoki01Wall,37,-40.5,-266.2
Animation_Scythe.anm,a__ScytheAnimation,AttackSpecialLoki01HitWall,0,33.85,-265.7
Animation_Scythe.anm,a__ScytheAnimation,AttackSpecialLoki01HitWall,1,-5.2,-262.7
Animation_Scythe.anm,a__ScytheAnimation,AttackSpecialLoki01HitWall,2,-5.2,-262.7
Animation_Scythe.anm,a__ScytheAnimation,AttackSpecialLoki01HitWall,3,-120.2,-265.7
Animation_Scythe.anm,a__ScytheAnimation,AttackSpecialLoki01HitWall,4,-139.25,-259.75
Animation_Scythe.anm,a__ScytheAnimation,AttackSpecialLoki01HitWall,5,-77.7,-30.25
Animation_Scythe.anm,a__ScytheAnimation,AttackSpecialLoki01HitWall,6,-25.7,-10.75
Animation_Scythe.anm,a__ScytheAnimation,AttackSpecialSpacehunter11_SwapEpicArtemis,34,241.95,-0.05
Animation_Scythe.anm,a__ScytheAnimation,AttackSpecialSpacehunter11_SwapEpicArtemis,35,229.5,-35
Animation_Scythe.anm,a__ScytheAnimation,AttackSpecialSpacehunter11_SwapEpicArtemis,36,223.2,-50.45
Animation_Scythe.anm,a__ScytheAnimation,AttackSpecialSpacehunter11Hit_SwapEpicArtemis,0,223.2,-50.45
Animation_Scythe.anm,a__ScytheAnimation,AttackSpecialSpacehunter11Hit_SwapEpicArtemis,1,215.2,-73.45
Animation_Scythe.anm,a__ScytheAnimation,AttackSpecialSpacehunter11Hit_SwapEpicArtemis,2,205.2,-89.45
Animation_Scythe.anm,a__ScytheAnimation,AttackSpecialSpacehunter11Hit_SwapEpicArtemis,3,195.2,-100.45
Animation_Scythe.anm,a__ScytheAnimation,AttackSpecialSpacehunter11Hit_SwapEpicArtemis,4,185.2,-104.45
Animation_Scythe.anm,a__ScytheAnimation,AttackSpecialSpacehunter11Hit_SwapEpicArtemis,5,180.2,-100.45
Animation_Scythe.anm,a__ScytheAnimation,AttackSpecialSpacehunter11Hit_SwapEpicArtemis,6,180.2,-100.45
Animation_Scythe.anm,a__ScytheAnimation,AttackSpecialSpacehunter11Hit_SwapEpicArtemis,7,180.4,-96.05
Animation_Scythe.anm,a__ScytheAnimation,AttackSpecialSpacehunter11Hit_SwapEpicArtemis,8,180.4,-96.05
Animation_Scythe.anm,a__ScytheAnimation,AttackSpecialSpacehunter11Hit_SwapEpicArtemis,9,180.4,-96.05
Animation_Scythe.anm,a__ScytheAnimation,AttackSpecialSpacehunter11Hit_SwapEpicArtemis,10,180.4,-96.05
Animation_Scythe.anm,a__ScytheAnimation,AttackSpecialSpacehunter11Hit_SwapEpicArtemis,11,180.4,-96.05
Animation_Scythe.anm,a__ScytheAnimation,AttackSpecialEgyptian10Hit_SwapEgyptianShoujo,0,146.75,-214.9
Animation_Scythe.anm,a__ScytheAnimation,AttackSpecialEgyptian10Hit_SwapEgyptianShoujo,1,146.75,-214.9
Animation_Scythe.anm,a__ScytheAnimation,AttackSpecialEgyptian10Hit_SwapEgyptianShoujo,2,146.75,-214.9
Animation_Scythe.anm,a__ScytheAnimation,AttackSpecialEgyptian10Hit_SwapEgyptianShoujo,3,146.75,-214.9
Animation_Scythe.anm,a__ScytheAnimation,AttackSpecialEgyptian10Hit_SwapEgyptianShoujo,4,146.75,-214.9
Animation_Scythe.anm,a__ScytheAnimation,AttackSpecialEgyptian10Hit_SwapEgyptianShoujo,5,146.75,-214.9
Animation_Scythe.anm,a__ScytheAnimation,AttackSpecialEgyptian10Hit_SwapEgyptianShoujo,6,146.75,-214.9
Animation_Scythe.anm,a__ScytheAnimation,AttackSpecialEgyptian10Hit_SwapEgyptianShoujo,7,146.75,-214.9
Animation_Scythe.anm,a__ScytheAnimation,AttackSpecialReaper3_SwapMythicNix,0,283.9,-371.9
Animation_Scythe.anm,a__ScytheAnimation,AttackSpecialReaper3_SwapMythicNix,1,283.9,-371.9
Animation_Scythe.anm,a__ScytheAnimation,AttackSpecialReaper3_SwapMythicNix,2,283.9,-371.9
Animation_Scythe.anm,a__ScytheAnimation,AttackSpecialReaper3_SwapMythicNix,3,283.9,-371.9
Animation_Scythe.anm,a__ScytheAnimation,AttackSpecialReaper3_SwapMythicNix,4,283.9,-371.9
Animation_Scythe.anm,a__ScytheAnimation,AttackSpecialReaper3_SwapMythicNix,5,283.9,-371.9
Animation_Scythe.anm,a__ScytheAnimation,AttackSpecialReaper3_SwapMythicNix,6,283.9,-371.9
Animation_Scythe.anm,a__ScytheAnimation,AttackSpecialReaper3_SwapMythicNix,7,283.9,-371.9
Animation_Scythe.anm,a__ScytheAnimation,AttackSpecialReaper3_SwapMythicNix,8,283.9,-371.9
Animation_Scythe.anm,a__ScytheAnimation,AttackSpecialReaper3_SwapMythicNix,9,283.9,-371.9
Animation_Scythe.anm,a__ScytheAnimation,AttackSpecialReaper3_SwapMythicNix,10,283.9,-371.9
Animation_Scythe.anm,a__ScytheAnimation,AttackSpecialReaper3_SwapMythicNix,11,283.9,-371.9
Animation_Scythe.anm,a__ScytheAnimation,AttackSpecialReaper3_SwapMythicNix,12,283.9,-371.9
Animation_Scythe.anm,a__ScytheAnimation,AttackSpecialReaper3_SwapMythicNix,13,283.9,-371.9
Animation_Scythe.anm,a__ScytheAnimation,AttackSpecialReaper3_SwapMythicNix,14,283.9,-371.9
Animation_Scythe.anm,a__ScytheAnimation,AttackSpecialReaper3_SwapMythicNix,15,283.9,-371.9
Animation_Scythe.anm,a__ScytheAnimation,AttackSpecialReaper3_SwapMythicNix,16,283.9,-371.9
Animation_Scythe.anm,a__ScytheAnimation,AttackSpecialReaper3_SwapMythicNix,17,283.9,-371.9
Animation_Scythe.anm,a__ScytheAnimation,AttackSpecialReaper3_SwapMythicNix,18,283.9,-371.9
Animation_Scythe.anm,a__ScytheAnimation,AttackSpecialReaper3_SwapMythicNix,19,283.9,-371.9
Animation_Scythe.anm,a__ScytheAnimation,AttackSpecialReaper3_SwapMythicNix,20,283.9,-371.9
Animation_Scythe.anm,a__ScytheAnimation,AttackSpecialReaper3_SwapMythicNix,21,283.9,-371.9
Animation_Scythe.anm,a__ScytheAnimation,AttackSpecialReaper3_SwapMythicNix,22,283.9,-371.9
Animation_Scythe.anm,a__ScytheAnimation,AttackSpecialReaper3_SwapMythicNix,23,283.9,-371.9
Animation_Scythe.anm,a__ScytheAnimation,AttackSpecialReaper3_SwapMythicNix,24,283.9,-371.9
Animation_Scythe.anm,a__ScytheAnimation,AttackSpecialReaper3_SwapMythicNix,25,283.9,-371.9
Animation_Scythe.anm,a__ScytheAnimation,AttackSpecialReaper3_SwapMythicNix,26,283.9,-371.9
Animation_Scythe.anm,a__ScytheAnimation,AttackSpecialReaper3_SwapMythicNix,27,283.9,-371.9
Animation_Scythe.anm,a__ScytheAnimation,AttackSpecialReaper3_SwapMythicNix,28,283.9,-371.9
Animation_Scythe.anm,a__ScytheAnimation,AttackSpecialReaper3_SwapMythicNix,29,283.9,-371.9
Animation_Scythe.anm,a__ScytheAnimation,AttackSpecialReaper3_SwapMythicNix,30,283.9,-371.9
Animation_Scythe.anm,a__ScytheAnimation,AttackSpecialReaper3_SwapMythicNix,31,283.9,-371.9
Animation_Scythe.anm,a__ScytheAnimation,AttackSpecialReaper3_SwapMythicNix,32,301.25,-381.2
Animation_Scythe.anm,a__ScytheAnimation,AttackSpecialReaper3_SwapMythicNix,33,275.9,-370.55
Animation_Scythe.anm,a__ScytheAnimation,AttackSpecialReaper3_SwapMythicNix,34,277.9,-379.2
Animation_Scythe.anm,a__ScytheAnimation,AttackSpecialReaper3Hit_SwapMythicNix,0,284.5,-400.15
Animation_Scythe.anm,a__ScytheAnimation,AttackSpecialReaper3Hit_SwapMythicNix,1,289.25,-407.2
Animation_Scythe.anm,a__ScytheAnimation,AttackSpecialReaper3Hit_SwapMythicNix,2,292.2,-409.65
Animation_Scythe.anm,a__ScytheAnimation,AttackSpecialReaper3Hit_SwapMythicNix,3,294.9,-411
Animation_Scythe.anm,a__ScytheAnimation,AttackSpecialReaper3Hit_SwapMythicNix,4,300.3,-411
Animation_Scythe.anm,a__ScytheAnimation,AttackSpecialReaper3Hit_SwapMythicNix,5,310.45,-410.15
Animation_Scythe.anm,a__ScytheAnimation,AttackSpecialReaper3Hit_SwapMythicNix,6,321.85,-400.95
Animation_Scythe.anm,a__ScytheAnimation,AttackSpecialReaper3Hit_SwapMythicNix,7,322.9,-384.95
Animation_Scythe.anm,a__ScytheAnimation,AttackSpecialReaper3Hit_SwapMythicNix,8,317.85,-375.65
Animation_Scythe.anm,a__ScytheAnimation,AttackSpecialReaper3Hit_SwapMythicNix,9,312.45,-371.3
Animation_Scythe.anm,a__ScytheAnimation,AttackSpecialReaper3Hit_SwapMythicNix,10,306.1,-368.3
Animation_Scythe.anm,a__ScytheAnimation,AttackSpecialReaper3Hit_SwapMythicNix,11,283.75,-359.4
Animation_Scythe.anm,a__ScytheAnimation,AttackSpecialReaper3Hit_SwapMythicNix,12,244.25,-347.75
Animation_Scythe.anm,a__ScytheAnimation,AttackSpecialReaper3Hit_SwapMythicNix,13,190.5,-328.85
Animation_Scythe.anm,a__ScytheAnimation,AttackSpecialReaper3Hit_SwapMythicNix,14,130.65,-288.45
Animation_Scythe.anm,a__ScytheAnimation,AttackSpecialReaper3Hit_SwapMythicNix,15,90.2,-209.9
Animation_Spear.anm,a__SpearAnimation,AttackSpecialInuit2,0,384.1,82.1
Animation_Spear.anm,a__SpearAnimation,AttackSpecialInuit2,1,384.1,82.1
Animation_Spear.anm,a__SpearAnimation,AttackSpecialInuit2,2,384.1,82.1
Animation_Spear.anm,a__SpearAnimation,AttackSpecialInuit2,3,384.1,82.1
Animation_Spear.anm,a__SpearAnimation,AttackSpecialInuit2,4,384.1,82.1
Animation_Spear.anm,a__SpearAnimation,AttackSpecialInuit2,5,384.1,82.1
Animation_Spear.anm,a__SpearAnimation,AttackSpecialInuit2,6,384.1,82.1
Animation_Spear.anm,a__SpearAnimation,AttackSpecialInuit2,7,384.1,82.1
Animation_Spear.anm,a__SpearAnimation,AttackSpecialInuit2,8,384.1,82.1
Animation_Spear.anm,a__SpearAnimation,AttackSpecialInuit2,9,384.1,82.1
Animation_Spear.anm,a__SpearAnimation,AttackSpecialInuit2,10,384.1,82.1
Animation_Spear.anm,a__SpearAnimation,AttackSpecialInuit2,11,384.1,82.1
Animation_Spear.anm,a__SpearAnimation,AttackSpecialInuit2,12,384.1,82.1
Animation_Spear.anm,a__SpearAnimation,AttackSpecialInuit2,13,384.1,82.1
Animation_Spear.anm,a__SpearAnimation,AttackSpecialInuit2,14,384.1,82.1
Animation_Spear.anm,a__SpearAnimation,AttackSpecialInuit2,15,384.1,82.1
Animation_Spear.anm,a__SpearAnimation,AttackSpecialInuit2,16,384.1,82.1
Animation_Spear.anm,a__SpearAnimation,AttackSpecialInuit2,17,384.1,82.1
Animation_Spear.anm,a__SpearAnimation,AttackSpecialInuit2,18,384.1,82.1
Animation_Spear.anm,a__SpearAnimation,AttackSpecialInuit2,19,384.1,82.1
Animation_Spear.anm,a__SpearAnimation,AttackSpecialInuit2,20,384.1,82.1
Animation_Spear.anm,a__SpearAnimation,AttackSpecialInuit2,21,384.1,82.1
Animation_Spear.anm,a__SpearAnimation,AttackSpecialInuit2,22,384.1,82.1
Animation_Spear.anm,a__SpearAnimation,AttackSpecialInuit2,23,384.1,82.1
Animation_Spear.anm,a__SpearAnimation,AttackSpecialInuit2,24,384.1,82.1
Animation_Spear.anm,a__SpearAnimation,AttackSpecialInuit2,25,384.1,82.1
Animation_Spear.anm,a__SpearAnimation,AttackSpecialInuit2,26,384.1,82.1
Animation_Spear.anm,a__SpearAnimation,AttackSpecialInuit2,27,384.1,82.1
Animation_Spear.anm,a__SpearAnimation,AttackSpecialInuit2,28,384.1,82.1
Animation_Spear.anm,a__SpearAnimation,AttackSpecialInuit2,29,384.1,82.1
Animation_Spear.anm,a__SpearAnimation,AttackSpecialInuit2,30,384.1,82.1
Animation_Spear.anm,a__SpearAnimation,AttackSpecialInuit2,31,384.1,82.1
Animation_Spear.anm,a__SpearAnimation,AttackSpecialInuit2,32,384.1,82.1
Animation_Spear.anm,a__SpearAnimation,AttackSpecialInuit2,33,384.1,82.1
Animation_Spear.anm,a__SpearAnimation,AttackSpecialInuit2,34,384.1,82.1
Animation_Spear.anm,a__SpearAnimation,AttackSpecialInuit2,35,384.1,82.1
Animation_Spear.anm,a__SpearAnimation,AttackSpecialInuit2,36,384.1,82.1
Animation_Spear.anm,a__SpearAnimation,AttackSpecialInuit2,37,384.1,82.1
Animation_Spear.anm,a__SpearAnimation,AttackSpecialInuit2,38,384.1,82.1
Animation_Spear.anm,a__SpearAnimation,AttackSpecialInuit2,39,384.1,82.1
Animation_Spear.anm,a__SpearAnimation,AttackSpecialInuit2,40,384.1,82.1
Animation_Spear.anm,a__SpearAnimation,AttackSpecialInuit2,41,384.1,82.1
Animation_Spear.anm,a__SpearAnimation,AttackSpecialInuit2,42,384.1,82.1
Animation_Spear.anm,a__SpearAnimation,AttackSpecialInuit2,43,384.1,82.1
Animation_Spear.anm,a__SpearAnimation,AttackSpecialInuit2,44,384.1,82.1
Animation_Spear.anm,a__SpearAnimation,AttackSpecialInuit2,45,384.1,82.1
Animation_Spear.anm,a__SpearAnimation,AttackSpecialInuit2,46,384.1,82.1
Animation_Spear.anm,a__SpearAnimation,AttackSpecialInuit2Hit,0,-347.2,81.25
Animation_Spear.anm,a__SpearAnimation,AttackSpecialInuit2Hit,1,-318.7,23.5
Animation_Spear.anm,a__SpearAnimation,AttackSpecialInuit2Hit,2,-295.7,-12.05
Animation_Spear.anm,a__SpearAnimation,AttackSpecialInuit2Hit,3,-299.95,-12.05
Animation_Spear.anm,a__SpearAnimation,AttackSpecialInuit2Hit,4,-299.95,-12.05
Animation_Spear.anm,a__SpearAnimation,AttackSpecialInuit2Hit,5,-300.2,-12.8
Animation_Spear.anm,a__SpearAnimation,AttackSpecialInuit2Hit,6,-299.45,-14.05
Animation_Spear.anm,a__SpearAnimation,AttackSpecialInuit2Hit,7,-265.95,-15.05
Animation_Spear.anm,a__SpearAnimation,AttackSpecialInuit2Hit,8,-206.15,9.95
Animation_Spear.anm,a__SpearAnimation,AttackSpecialInuit2Hit,9,130,-220
Animation_Spear.anm,a__SpearAnimation,AttackSpecialElfwar16,34,28.8,-432.95
Animation_Spear.anm,a__SpearAnimation,AttackSpecialElfwar16,35,24.6,-424.35
Animation_Spear.anm,a__SpearAnimation,AttackSpecialElfwar16,36,25.6,-414.55
Animation_Spear.anm,a__SpearAnimation,AttackSpecialElfwar16,37,25.6,-414.55
Animation_Spear.anm,a__SpearAnimation,AttackSpecialElfwar16Hit,0,25.6,-414.55
Animation_Spear.anm,a__SpearAnimation,AttackSpecialElfwar16Hit,1,5.6,-404.55
Animation_Spear.anm,a__SpearAnimation,AttackSpecialElfwar16Hit,2,-4.4,-396.05
Animation_Spear.anm,a__SpearAnimation,AttackSpecialElfwar16Hit,3,-15.4,-384.05
Animation_Spear.anm,a__SpearAnimation,AttackSpecialElfwar16Hit,4,-30.4,-327.05
Animation_Spear.anm,a__SpearAnimation,AttackSpecialElfwar16Hit,5,-48.4,-285.05
Animation_Spear.anm,a__SpearAnimation,AttackSpecialElfwar16Hit,6,-101.3,-141.4
Animation_Spear.anm,a__SpearAnimation,AttackSpecialElfwar16Hit,7,-34.3,-17.4
Animation_Spear.anm,a__SpearAnimation,AttackSpecialElfwar16Hit,8,289.7,-123.4
Animation_Sword.anm,a__1HandRearAnimation,AttackSpecialCaveman,28,98.35,69.35
Animation_Sword.anm,a__1HandRearAnimation,AttackSpecialCaveman,29,98.35,69.35
Animation_Sword.anm,a__1HandRearAnimation,AttackSpecialCaveman,30,175.5,-56
Animation_Sword.anm,a__1HandRearAnimation,AttackSpecialCaveman,31,175.5,-56
Animation_Sword.anm,a__1HandRearAnimation,AttackSpecialCaveman,32,164.85,-77.1
Animation_Sword.anm,a__1HandRearAnimation,AttackSpecialCaveman,33,164.85,-77.1
Animation_Sword.anm,a__1HandRearAnimation,AttackSpecialCaveman,34,155.85,-84.6
Animation_Sword.anm,a__1HandRearAnimation,AttackSpecialCaveman,35,155.85,-84.6
Animation_Sword.anm,a__1HandRearAnimation,AttackSpecialCaveman,36,155.85,-84.6
Animation_Sword.anm,a__1HandRearAnimation,AttackSpecialCaveman,37,155.85,-84.6
Animation_Sword.anm,a__1HandRearAnimation,AttackSpecialCaveman,38,155.85,-84.6
Animation_Sword.anm,a__1HandRearAnimation,AttackSpecialCaveman,39,155.85,-84.6
Animation_Sword.anm,a__1HandRearAnimation,AttackSpecialCaveman,40,155.85,-84.6
Animation_Sword.anm,a__1HandRearAnimation,AttackSpecialCaveman,41,155.85,-84.6
Animation_Sword.anm,a__1HandRearAnimation,AttackSpecialCaveman,42,155.85,-84.6
Animation_Sword.anm,a__1HandRearAnimation,AttackSpecialCaveman,43,155.85,-84.6
Animation_Sword.anm,a__1HandRearAnimation,AttackSpecialCaveman,44,155.85,-84.6
Animation_Sword.anm,a__1HandRearAnimation,AttackSpecialCaveman,45,155.85,-84.6
Animation_Sword.anm,a__1HandRearAnimation,AttackSpecialCaveman,46,155.85,-84.6
Animation_Sword.anm,a__1HandRearAnimation,AttackSpecialCaveman,47,155.85,-84.6
Animation_Sword.anm,a__1HandRearAnimation,AttackSpecialCorsair01Hit,0,166.95,-113.1
Animation_Sword.anm,a__1HandRearAnimation,AttackSpecialCorsair01Hit,1,166.95,-113.1
Animation_Sword.anm,a__1HandRearAnimation,AttackSpecialCorsair01Hit,2,166.95,-113.1
Animation_Sword.anm,a__1HandRearAnimation,AttackSpecialCorsair01Hit,3,166.95,-113.1
Animation_Sword.anm,a__1HandRearAnimation,AttackSpecialCorsair01Hit,4,166.95,-113.1
Animation_Sword.anm,a__1HandRearAnimation,AttackSpecialCorsair01b,30,134.95,-57.9
Animation_Sword.anm,a__1HandRearAnimation,AttackSpecialCorsair01b,31,134.95,-57.9
Animation_Sword.anm,a__1HandRearAnimation,AttackSpecialCorsair01b,32,134.95,-57.9
Animation_Sword.anm,a__1HandRearAnimation,AttackSpecialCorsair01b,33,143.95,-57.9
Animation_Sword.anm,a__1HandRearAnimation,AttackSpecialCorsair01b,34,146.95,-57.9
Animation_Sword.anm,a__1HandRearAnimation,AttackSpecialCorsair01b,35,190.95,-106.9
Animation_Sword.anm,a__1HandRearAnimation,AttackSpecialCorsair01b,36,226.25,-238.55
Animation_Sword.anm,a__1HandRearAnimation,AttackSpecialCorsair01b,37,140.9,-255.9
Animation_Sword.anm,a__1HandRearAnimation,AttackSpecialCorsair01b,38,148.9,-201.85
Animation_Sword.anm,a__1HandRearAnimation,AttackSpecialCorsair01b,39,155.55,-182.9
Animation_Sword.anm,a__1HandRearAnimation,AttackSpecialCorsair01b,40,155.55,-182.9
Animation_Sword.anm,a__1HandRearAnimation,AttackSpecialEzio01Hit,0,224.95,0
Animation_Sword.anm,a__1HandRearAnimation,AttackSpecialEzio01Hit,1,224.95,0
Animation_Sword.anm,a__1HandRearAnimation,AttackSpecialEzio01Hit,2,224.95,0
Animation_Sword.anm,a__1HandRearAnimation,AttackSpecialEzio01Hit,3,224.95,0
Animation_Sword.anm,a__1HandRearAnimation,AttackSpecialEzio01Hit,4,224.95,0
Animation_Sword.anm,a__1HandRearAnimation,AttackSpecialEzio06Hit,2,-44.9,-100.35
Animation_Sword.anm,a__1HandRearAnimation,AttackSpecialEzio06Hit,3,-78.15,-109.85
Animation_Sword.anm,a__1HandRearAnimation,AttackSpecialEzio06Hit,4,-76.15,-109.85
Animation_Sword.anm,a__1HandRearAnimation,AttackSpecialEzio06Hit,5,-74.15,-109.85
Animation_Sword.anm,a__1HandRearAnimation,AttackSpecialEzio06Hit,6,-49.9,-112.35
Animation_Sword.anm,a__1HandRearAnimation,AttackSpecialEzio06Hit,7,-47.9,-112.35
Animation_Sword.anm,a__1HandRearAnimation,AttackSpecialEzio06Hit,8,63.35,-98.35
Animation_Sword.anm,a__1HandRearAnimation,AttackSpecialEzio06Hit,9,86.85,-1.35
Animation_Sword.anm,a__1HandRearAnimation,AttackSpecialEzio06Hit,10,94.85,-0.1
Animation_Sword.anm,a__1HandRearAnimation,AttackSpecialEzio06Hit,11,94.85,-0.1
Animation_Sword.anm,a__1HandRearAnimation,AttackSpecialEzio06Hit,12,94.85,-0.1
Animation_Sword.anm,a__1HandRearAnimation,AttackSpecialEzio06Hit,13,94.85,-0.1
Animation_Sword.anm,a__1HandRearAnimation,AttackSpecialEzio06Hit,14,94.85,-0.1
Animation_Sword.anm,a__1HandRearAnimation,AttackSpecialEzio06Hit,15,94.85,-0.1
Animation_Sword.anm,a__1HandRearAnimation,AttackSpecialEzio06Hit,16,94.85,-0.1
Animation_Sword.anm,a__1HandRearAnimation,AttackSpecialEzio06Hit,17,94.85,-0.1
Animation_Sword.anm,a__1HandRearAnimation,AttackSpecialEzio06Hit,18,94.85,-0.1
Animation_Sword.anm,a__1HandRearAnimation,AttackSpecialEzio06Air,2,-44.9,-100.35
Animation_Sword.anm,a__1HandRearAnimation,AttackSpecialEzio06Air,3,-78.15,-109.85
Animation_Sword.anm,a__1HandRearAnimation,AttackSpecialEzio06Air,4,-76.15,-109.85
Animation_Sword.anm,a__1HandRearAnimation,AttackSpecialEzio06Air,5,-74.15,-109.85
Animation_Sword.anm,a__1HandRearAnimation,AttackSpecialEzio06Air,6,-49.9,-112.35
Animation_Sword.anm,a__1HandRearAnimation,AttackSpecialEzio06Air,7,-47.9,-112.35
Animation_Sword.anm,a__1HandRearAnimation,AttackSpecialEzio06Air,8,63.35,-98.35
Animation_Sword.anm,a__1HandRearAnimation,AttackSpecialEzio06Air,9,86.85,-1.35
Animation_Sword.anm,a__1HandRearAnimation,AttackSpecialEzio01Hit_SwapAlucard,0,224.95,0
Animation_Sword.anm,a__1HandRearAnimation,AttackSpecialEzio01Hit_SwapAlucard,1,224.95,0
Animation_Sword.anm,a__1HandRearAnimation,AttackSpecialEzio01Hit_SwapAlucard,2,224.95,0
Animation_Sword.anm,a__1HandRearAnimation,AttackSpecialEzio01Hit_SwapAlucard,3,224.95,0
Animation_Sword.anm,a__1HandRearAnimation,AttackSpecialEzio01Hit_SwapAlucard,4,224.95,0
Animation_Sword.anm,a__1HandRearAnimation,AttackSpecialEzio06Hit_SwapAlucard,2,-44.9,-100.35
Animation_Sword.anm,a__1HandRearAnimation,AttackSpecialEzio06Hit_SwapAlucard,3,-78.15,-109.85
Animation_Sword.anm,a__1HandRearAnimation,AttackSpecialEzio06Hit_SwapAlucard,4,-76.15,-109.85
Animation_Sword.anm,a__1HandRearAnimation,AttackSpecialEzio06Hit_SwapAlucard,5,-74.15,-109.85
Animation_Sword.anm,a__1HandRearAnimation,AttackSpecialEzio06Hit_SwapAlucard,6,-49.9,-112.35
Animation_Sword.anm,a__1HandRearAnimation,AttackSpecialEzio06Hit_SwapAlucard,7,-47.9,-112.35
Animation_Sword.anm,a__1HandRearAnimation,AttackSpecialEzio06Hit_SwapAlucard,8,63.35,-98.35
Animation_Sword.anm,a__1HandRearAnimation,AttackSpecialEzio06Hit_SwapAlucard,9,86.85,-1.35
Animation_Sword.anm,a__1HandRearAnimation,AttackSpecialEzio06Hit_SwapAlucard,10,94.85,-0.1
Animation_Sword.anm,a__1HandRearAnimation,AttackSpecialEzio06Hit_SwapAlucard,11,94.85,-0.1
Animation_Sword.anm,a__1HandRearAnimation,AttackSpecialEzio06Hit_SwapAlucard,12,94.85,-0.1
Animation_Sword.anm,a__1HandRearAnimation,AttackSpecialEzio06Hit_SwapAlucard,13,94.85,-0.1
Animation_Sword.anm,a__1HandRearAnimation,AttackSpecialEzio06Hit_SwapAlucard,14,94.85,-0.1
Animation_Sword.anm,a__1HandRearAnimation,AttackSpecialEzio06Hit_SwapAlucard,15,94.85,-0.1
Animation_Sword.anm,a__1HandRearAnimation,AttackSpecialEzio06Hit_SwapAlucard,16,94.85,-0.1
Animation_Sword.anm,a__1HandRearAnimation,AttackSpecialEzio06Hit_SwapAlucard,17,94.85,-0.1
Animation_Sword.anm,a__1HandRearAnimation,AttackSpecialEzio06Hit_SwapAlucard,18,94.85,-0.1
Animation_Sword.anm,a__1HandRearAnimation,AttackSpecialEzio06Air_SwapAlucard,2,-44.9,-100.35
Animation_Sword.anm,a__1HandRearAnimation,AttackSpecialEzio06Air_SwapAlucard,3,-78.15,-109.85
Animation_Sword.anm,a__1HandRearAnimation,AttackSpecialEzio06Air_SwapAlucard,4,-76.15,-109.85
Animation_Sword.anm,a__1HandRearAnimation,AttackSpecialEzio06Air_SwapAlucard,5,-74.15,-109.85
Animation_Sword.anm,a__1HandRearAnimation,AttackSpecialEzio06Air_SwapAlucard,6,-49.9,-112.35
Animation_Sword.anm,a__1HandRearAnimation,AttackSpecialEzio06Air_SwapAlucard,7,-47.9,-112.35
Animation_Sword.anm,a__1HandRearAnimation,AttackSpecialEzio06Air_SwapAlucard,8,63.35,-98.35
Animation_Sword.anm,a__1HandRearAnimation,AttackSpecialEzio06Air_SwapAlucard,9,86.85,-1.35
Animation_Sword.anm,a__1HandRearAnimation,AttackSpecialCorsair01bSwapArbiter,30,134.95,-57.9
Animation_Sword.anm,a__1HandRearAnimation,AttackSpecialCorsair01bSwapArbiter,31,134.95,-57.9
Animation_Sword.anm,a__1HandRearAnimation,AttackSpecialCorsair01bSwapArbiter,32,134.95,-57.9
Animation_Sword.anm,a__1HandRearAnimation,AttackSpecialCorsair01bSwapArbiter,33,143.95,-57.9
Animation_Sword.anm,a__1HandRearAnimation,AttackSpecialCorsair01bSwapArbiter,34,146.95,-57.9
Animation_Sword.anm,a__1HandRearAnimation,AttackSpecialCorsair01bSwapArbiter,35,190.95,-106.9
Animation_Sword.anm,a__1HandRearAnimation,AttackSpecialCorsair01bSwapArbiter,36,226.25,-238.55
Animation_Sword.anm,a__1HandRearAnimation,AttackSpecialCorsair01bSwapArbiter,37,140.9,-255.9
Animation_Sword.anm,a__1HandRearAnimation,AttackSpecialCorsair01bSwapArbiter,38,148.9,-201.85
Animation_Sword.anm,a__1HandRearAnimation,AttackSpecialCorsair01bSwapArbiter,39,155.55,-182.9
Animation_Sword.anm,a__1HandRearAnimation,AttackSpecialCorsair01bSwapArbiter,40,155.55,-182.9
Animation_Sword.anm,a__1HandRearAnimation,AttackSpecialCorsair01HitSwapArbiter,0,166.95,-113.1
Animation_Sword.anm,a__1HandRearAnimation,AttackSpecialCorsair01HitSwapArbiter,1,166.95,-113.1
Animation_Sword.anm,a__1HandRearAnimation,AttackSpecialCorsair01HitSwapArbiter,2,166.95,-113.1
Animation_Sword.anm,a__1HandRearAnimation,AttackSpecialCorsair01HitSwapArbiter,3,166.95,-113.1
Animation_Sword.anm,a__1HandRearAnimation,AttackSpecialCorsair01HitSwapArbiter,4,166.95,-113.1
Animation_Sword.anm,a__1HandRearAnimation,AttackSpecialEzio01_SwapDarthVader,42,224.95,0
Animation_Sword.anm,a__1HandRearAnimation,AttackSpecialEzio01_SwapDarthVader,43,224.95,0
Animation_Sword.anm,a__1HandRearAnimation,AttackSpecialEzio01_SwapDarthVader,44,224.95,0
Animation_Sword.anm,a__1HandRearAnimation,AttackSpecialEzio01Hit_SwapDarthVader,0,224.95,0
Animation_Sword.anm,a__1HandRearAnimation,AttackSpecialEzio01Hit_SwapDarthVader,1,224.95,0
Animation_Sword.anm,a__1HandRearAnimation,AttackSpecialEzio01Hit_SwapDarthVader,2,224.95,0
Animation_Sword.anm,a__1HandRearAnimation,AttackSpecialEzio01Hit_SwapDarthVader,3,224.95,0
Animation_Sword.anm,a__1HandRearAnimation,AttackSpecialEzio01Hit_SwapDarthVader,4,224.95,0
Animation_Sword.anm,a__1HandRearAnimation,AttackSpecialEzio06Hit_SwapDarthVader,2,-44.9,-100.35
Animation_Sword.anm,a__1HandRearAnimation,AttackSpecialEzio06Hit_SwapDarthVader,3,-78.15,-109.85
Animation_Sword.anm,a__1HandRearAnimation,AttackSpecialEzio06Hit_SwapDarthVader,4,-76.15,-109.85
Animation_Sword.anm,a__1HandRearAnimation,AttackSpecialEzio06Hit_SwapDarthVader,5,-74.15,-109.85
Animation_Sword.anm,a__1HandRearAnimation,AttackSpecialEzio06Hit_SwapDarthVader,6,-49.9,-112.35
Animation_Sword.anm,a__1HandRearAnimation,AttackSpecialEzio06Hit_SwapDarthVader,7,-47.9,-112.35
Animation_Sword.anm,a__1HandRearAnimation,AttackSpecialEzio06Hit_SwapDarthVader,8,63.35,-98.35
Animation_Sword.anm,a__1HandRearAnimation,AttackSpecialEzio06Hit_SwapDarthVader,9,86.85,-1.35
Animation_Sword.anm,a__1HandRearAnimation,AttackSpecialEzio06Hit_SwapDarthVader,10,94.85,-0.1
Animation_Sword.anm,a__1HandRearAnimation,AttackSpecialEzio06Hit_SwapDarthVader,11,94.85,-0.1
Animation_Sword.anm,a__1HandRearAnimation,AttackSpecialEzio06Hit_SwapDarthVader,12,94.85,-0.1
Animation_Sword.anm,a__1HandRearAnimation,AttackSpecialEzio06Hit_SwapDarthVader,13,94.85,-0.1
Animation_Sword.anm,a__1HandRearAnimation,AttackSpecialEzio06Hit_SwapDarthVader,14,94.85,-0.1
Animation_Sword.anm,a__1HandRearAnimation,AttackSpecialEzio06Hit_SwapDarthVader,15,94.85,-0.1
Animation_Sword.anm,a__1HandRearAnimation,AttackSpecialEzio06Hit_SwapDarthVader,16,94.85,-0.1
Animation_Sword.anm,a__1HandRearAnimation,AttackSpecialEzio06Hit_SwapDarthVader,17,94.85,-0.1
Animation_Sword.anm,a__1HandRearAnimation,AttackSpecialEzio06Hit_SwapDarthVader,18,94.85,-0.1
Animation_Sword.anm,a__1HandRearAnimation,AttackSpecialEzio06Air_SwapDarthVader,2,-44.9,-100.35
Animation_Sword.anm,a__1HandRearAnimation,AttackSpecialEzio06Air_SwapDarthVader,3,-78.15,-109.85
Animation_Sword.anm,a__1HandRearAnimation,AttackSpecialEzio06Air_SwapDarthVader,4,-76.15,-109.85
Animation_Sword.anm,a__1HandRearAnimation,AttackSpecialEzio06Air_SwapDarthVader,5,-74.15,-109.85
Animation_Sword.anm,a__1HandRearAnimation,AttackSpecialEzio06Air_SwapDarthVader,6,-49.9,-112.35
Animation_Sword.anm,a__1HandRearAnimation,AttackSpecialEzio06Air_SwapDarthVader,7,-47.9,-112.35
Animation_Sword.anm,a__1HandRearAnimation,AttackSpecialEzio06Air_SwapDarthVader,8,63.35,-98.35
Animation_Sword.anm,a__1HandRearAnimation,AttackSpecialEzio06Air_SwapDarthVader,9,86.85,-1.35
Animation_Sword.anm,a__1HandRearAnimation,AttackSpecialEzio06Hit_SwapAnakin,2,-44.9,-100.35
Animation_Sword.anm,a__1HandRearAnimation,AttackSpecialEzio06Hit_SwapAnakin,3,-78.15,-109.85
Animation_Sword.anm,a__1HandRearAnimation,AttackSpecialEzio06Hit_SwapAnakin,4,-76.15,-109.85
Animation_Sword.anm,a__1HandRearAnimation,AttackSpecialEzio06Hit_SwapAnakin,5,-74.15,-109.85
Animation_Sword.anm,a__1HandRearAnimation,AttackSpecialEzio06Hit_SwapAnakin,6,-49.9,-112.35
Animation_Sword.anm,a__1HandRearAnimation,AttackSpecialEzio06Hit_SwapAnakin,7,-47.9,-112.35
Animation_Sword.anm,a__1HandRearAnimation,AttackSpecialEzio06Hit_SwapAnakin,8,63.35,-98.35
Animation_Sword.anm,a__1HandRearAnimation,AttackSpecialEzio06Hit_SwapAnakin,9,86.85,-1.35
Animation_Sword.anm,a__1HandRearAnimation,AttackSpecialEzio06Hit_SwapAnakin,10,94.85,-0.1
Animation_Sword.anm,a__1HandRearAnimation,AttackSpecialEzio06Hit_SwapAnakin,11,94.85,-0.1
Animation_Sword.anm,a__1HandRearAnimation,AttackSpecialEzio06Hit_SwapAnakin,12,94.85,-0.1
Animation_Sword.anm,a__1HandRearAnimation,AttackSpecialEzio06Hit_SwapAnakin,13,94.85,-0.1
Animation_Sword.anm,a__1HandRearAnimation,AttackSpecialEzio06Hit_SwapAnakin,14,94.85,-0.1
Animation_Sword.anm,a__1HandRearAnimation,AttackSpecialEzio06Hit_SwapAnakin,15,94.85,-0.1
Animation_Sword.anm,a__1HandRearAnimation,AttackSpecialEzio06Hit_SwapAnakin,16,94.85,-0.1
Animation_Sword.anm,a__1HandRearAnimation,AttackSpecialEzio06Hit_SwapAnakin,17,94.85,-0.1
Animation_Sword.anm,a__1HandRearAnimation,AttackSpecialEzio06Hit_SwapAnakin,18,94.85,-0.1
Animation_Sword.anm,a__1HandRearAnimation,AttackSpecialEzio06Air_SwapAnakin,2,-44.9,-100.35
Animation_Sword.anm,a__1HandRearAnimation,AttackSpecialEzio06Air_SwapAnakin,3,-78.15,-109.85
Animation_Sword.anm,a__1HandRearAnimation,AttackSpecialEzio06Air_SwapAnakin,4,-76.15,-109.85
Animation_Sword.anm,a__1HandRearAnimation,AttackSpecialEzio06Air_SwapAnakin,5,-74.15,-109.85
Animation_Sword.anm,a__1HandRearAnimation,AttackSpecialEzio06Air_SwapAnakin,6,-49.9,-112.35
Animation_Sword.anm,a__1HandRearAnimation,AttackSpecialEzio06Air_SwapAnakin,7,-47.9,-112.35
Animation_Sword.anm,a__1HandRearAnimation,AttackSpecialEzio06Air_SwapAnakin,8,63.35,-98.35
Animation_Sword.anm,a__1HandRearAnimation,AttackSpecialEzio06Air_SwapAnakin,9,86.85,-1.35
Animation_Sword.anm,a__1HandRearAnimation,AttackSpecialBladeDancer4,35,67.05,36.1
Animation_Sword.anm,a__1HandRearAnimation,AttackSpecialBladeDancer4,36,106.4,-4.95
Animation_Sword.anm,a__1HandRearAnimation,AttackSpecialBladeDancer4,37,56.9,-242.95
Animation_Sword.anm,a__1HandRearAnimation,AttackSpecialBladeDancer4,38,48.8,-377.55
Animation_Sword.anm,a__1HandRearAnimation,AttackSpecialBladeDancer4,39,37.8,-432.55
Animation_Sword.anm,a__1HandRearAnimation,AttackSpecialBladeDancer4,40,37.8,-465.55
Animation_Sword.anm,a__1HandRearAnimation,AttackSpecialBladeDancer4,41,37.8,-472.15
Animation_Sword.anm,a__1HandRearAnimation,AttackSpecialBladeDancer4,42,37.8,-474.35
Animation_Sword.anm,a__1HandRearAnimation,AttackSpecialBladeDancer4,43,37.8,-476.55
Animation_Sword.anm,a__1HandRearAnimation,AttackSpecialBladeDancer4Hit,0,37.8,-480.95
Animation_Sword.anm,a__1HandRearAnimation,AttackSpecialBladeDancer4Hit,1,55.25,-401.5
Animation_Sword.anm,a__1HandRearAnimation,AttackSpecialBladeDancer4Hit,2,86.5,-268.3
Animation_Sword.anm,a__1HandRearAnimation,AttackSpecialBladeDancer4Hit,3,125.7,-162.25
Animation_Sword.anm,a__1HandRearAnimation,AttackSpecialBladeDancer4Hit,4,158.7,-75.25
Animation_Sword.anm,a__1HandRearAnimation,AttackSpecialBladeDancer4Hit,5,162.7,-51.7
Animation_Sword.anm,a__1HandRearAnimation,AttackSpecialBladeDancer4Hit,6,160.1,86.1
Animation_Sword.anm,a__1HandRearAnimation,AttackSpecialBladeDancer4_SwapBladeDancerOni,35,67.05,36.1
Animation_Sword.anm,a__1HandRearAnimation,AttackSpecialBladeDancer4_SwapBladeDancerOni,36,106.4,-4.95
Animation_Sword.anm,a__1HandRearAnimation,AttackSpecialBladeDancer4_SwapBladeDancerOni,37,56.9,-242.95
Animation_Sword.anm,a__1HandRearAnimation,AttackSpecialBladeDancer4_SwapBladeDancerOni,38,48.8,-377.55
Animation_Sword.anm,a__1HandRearAnimation,AttackSpecialBladeDancer4_SwapBladeDancerOni,39,37.8,-432.55
Animation_Sword.anm,a__1HandRearAnimation,AttackSpecialBladeDancer4_SwapBladeDancerOni,40,37.8,-465.55
Animation_Sword.anm,a__1HandRearAnimation,AttackSpecialBladeDancer4_SwapBladeDancerOni,41,37.8,-472.15
Animation_Sword.anm,a__1HandRearAnimation,AttackSpecialBladeDancer4_SwapBladeDancerOni,42,37.8,-474.35
Animation_Sword.anm,a__1HandRearAnimation,AttackSpecialBladeDancer4_SwapBladeDancerOni,43,37.8,-476.55
Animation_Sword.anm,a__1HandRearAnimation,AttackSpecialBladeDancer4Hit_SwapBladeDancerOni,0,37.8,-480.95
Animation_Sword.anm,a__1HandRearAnimation,AttackSpecialBladeDancer4Hit_SwapBladeDancerOni,1,55.25,-401.5
Animation_Sword.anm,a__1HandRearAnimation,AttackSpecialBladeDancer4Hit_SwapBladeDancerOni,2,86.5,-268.3
Animation_Sword.anm,a__1HandRearAnimation,AttackSpecialBladeDancer4Hit_SwapBladeDancerOni,3,125.7,-162.25
Animation_Sword.anm,a__1HandRearAnimation,AttackSpecialBladeDancer4Hit_SwapBladeDancerOni,4,158.7,-75.25
Animation_Sword.anm,a__1HandRearAnimation,AttackSpecialBladeDancer4Hit_SwapBladeDancerOni,5,162.7,-51.7
Animation_Sword.anm,a__1HandRearAnimation,AttackSpecialBladeDancer4Hit_SwapBladeDancerOni,6,160.1,86.1
